Body,Head,Head Coverage,Std_Confidence,PCA_Confidence,Positive Examples,Body size,PCA Body size,Functional_variable,PCA_valid,PCA_invalid,PCA_valid_proportion,PCA_invalid_proportion,Support_valid,Support_invalid,PCABody_valid,PCABody_invalid
?b  parent  ?a   ,?a  successor  ?b,0.31920904,0.119450317,0.478813559,113,946,236,?a,0.676056338028169,0.5675675675675675,0.43243243243243246,0.5675675675675675,48,63,71,111
?b  father  ?a   ,?a  successor  ?b,0.288135593,0.181818182,0.490384615,102,561,208,?a,0.75,0.5892857142857143,0.3333333333333333,0.6666666666666666,33,66,44,112
?b  mother  ?a   ,?a  successor  ?b,0.031073446,0.026960784,0.423076923,11,408,26,?a,0.5789473684210527,0.0,1.0,0.0,11,0,19,1
?b  predecessor  ?a   ,?a  successor  ?b,0.757062147,0.748603352,0.92733564,268,358,289,?a,0.9925925925925926,0.981651376146789,0.5560165975103735,0.44398340248962653,134,107,135,109
?a  child  ?b   ,?a  successor  ?b,0.358757062,0.084217507,0.196899225,127,1508,645,?a,0.5614035087719298,0.725,0.2689075630252101,0.7310924369747899,32,87,57,120
?b  name  ?a   ,?a  name  ?b,0.164102564,0.164102564,1.0,96,585,96,?a,1.0,1.0,0.8958333333333334,0.10416666666666667,86,10,86,10
?b  child  ?a   ,?a  predecessor  ?b,0.354748603,0.084217507,0.190404798,127,1508,667,?b,0.6990291262135923,0.6111111111111112,0.5669291338582677,0.4330708661417323,72,55,103,90
?a  mother  ?b   ,?a  predecessor  ?b,0.027932961,0.024509804,0.4,10,408,25,?b,0.06666666666666667,0.07317073170731707,0.4,0.6,4,6,60,82
?a  parent  ?b   ,?a  predecessor  ?b,0.32122905,0.121564482,0.481171548,115,946,239,?b,0.5909090909090909,0.5258620689655172,0.46017699115044247,0.5398230088495575,52,61,88,116
?a  father  ?b   ,?a  predecessor  ?b,0.296089385,0.188948307,0.490740741,106,561,216,?b,0.6266666666666667,0.6483516483516484,0.44339622641509435,0.5566037735849056,47,59,75,91
?b  successor  ?a   ,?a  predecessor  ?b,0.748603352,0.757062147,0.937062937,268,354,286,?b,1.0,0.9702970297029703,0.5829787234042553,0.41702127659574467,137,98,137,101
?b  child  ?a   ,?a  father  ?b,0.354723708,0.131962865,0.557422969,199,1508,357,?a,0.6473988439306358,0.8365384615384616,0.5628140703517588,0.4371859296482412,112,87,173,104
?a  parent  ?b   ,?a  father  ?b,0.768270945,0.455602537,0.55974026,431,946,770,?a,0.8707124010554089,0.7829457364341085,0.765661252900232,0.23433874709976799,330,101,379,129
?a  predecessor  ?b   ,?a  father  ?b,0.188948307,0.296089385,0.512077295,106,358,207,?a,0.6266666666666667,0.6483516483516484,0.44339622641509435,0.5566037735849056,47,59,75,91
?b  successor  ?a   ,?a  father  ?b,0.181818182,0.288135593,0.492753623,102,354,207,?a,0.6029411764705882,0.6703296703296703,0.4019607843137255,0.5980392156862745,41,61,68,91
?a  parent  ?b   ,?a  mother  ?b,0.764705882,0.329809725,0.492113565,312,946,634,?a,0.7773584905660378,0.848,0.6602564102564102,0.33974358974358976,206,106,265,125
?b  child  ?a   ,?a  mother  ?b,0.389705882,0.105437666,0.484756098,159,1508,328,?a,0.7450980392156863,0.45918367346938777,0.7169811320754716,0.2830188679245283,114,45,153,98
?b  successor  ?a   ,?a  parent  ?b,0.119450317,0.31920904,0.528037383,113,354,214,?b,0.5662650602409639,0.5535714285714286,0.43119266055045874,0.5688073394495413,47,62,83,112
?b  child  ?a   ,?a  parent  ?b,0.358350951,0.224801061,0.288510638,339,1508,1175,?b,0.875,0.8604651162790697,0.6118881118881119,0.3881118881118881,175,111,200,129
?a  predecessor  ?b   ,?a  parent  ?b,0.121564482,0.32122905,0.537383178,115,358,214,?b,0.5909090909090909,0.5258620689655172,0.46017699115044247,0.5398230088495575,52,61,88,116
?a  mother  ?b   ,?a  parent  ?b,0.329809725,0.764705882,0.925816024,312,408,337,?b,0.7773584905660378,0.848,0.6602564102564102,0.33974358974358976,206,106,265,125
?a  father  ?b   ,?a  parent  ?b,0.455602537,0.768270945,0.92887931,431,561,464,?b,0.8707124010554089,0.7829457364341085,0.765661252900232,0.23433874709976799,330,101,379,129
?b  spouse  ?a   ,?a  spouse  ?b,0.765317919,0.765317919,0.932394366,662,865,710,?a,0.9844444444444445,0.9741935483870968,0.7457912457912458,0.2542087542087542,443,151,450,155
?b  predecessor  ?a   ,?a  child  ?b,0.084217507,0.354748603,0.538135593,127,358,236,?b,0.48148148148148145,0.752,0.21666666666666667,0.7833333333333333,26,94,54,125
?b  mother  ?a   ,?a  child  ?b,0.105437666,0.389705882,0.633466135,159,408,251,?b,0.8435374149659864,1.0,0.9612403100775194,0.03875968992248062,124,5,147,5
?b  father  ?a   ,?a  child  ?b,0.131962865,0.354723708,0.718411552,199,561,277,?b,0.5384615384615384,0.958904109589041,0.09090909090909091,0.9090909090909091,14,140,26,146
?a  successor  ?b   ,?a  child  ?b,0.084217507,0.358757062,0.510040161,127,354,249,?b,0.5614035087719298,0.725,0.2689075630252101,0.7310924369747899,32,87,57,120
?b  parent  ?a   ,?a  child  ?b,0.224801061,0.358350951,0.654440154,339,946,518,?b,0.7906976744186046,0.9517241379310345,0.49635036496350365,0.5036496350364964,136,138,172,145
?b  parent  ?a  ?b  predecessor  ?a   ,?a  successor  ?b,0.254237288,0.782608696,0.989010989,90,115,91,?a,1.0,0.9807692307692307,0.42045454545454547,0.5795454545454546,37,51,37,52
?b  predecessor  ?f  ?f  spouse  ?a   ,?a  successor  ?b,0.042372881,0.055970149,0.319148936,15,268,47,?a,0.44,0.26666666666666666,0.7333333333333333,0.26666666666666666,11,4,25,15
?a  name  ?f  ?b  predecessor  ?f   ,?a  successor  ?b,0.031073446,0.647058824,0.733333333,11,17,15,?a,1.0,0.6666666666666666,0.8,0.2,8,2,8,3
?b  father  ?a  ?b  parent  ?a   ,?a  successor  ?b,0.228813559,0.187935035,0.493902439,81,431,164,?a,0.7105263157894737,0.5531914893617021,0.34177215189873417,0.6582278481012658,27,52,38,94
?b  mother  ?a  ?b  predecessor  ?a   ,?a  successor  ?b,0.025423729,0.9,1.0,9,10,9,?a,1.0,0.0,1.0,0.0,9,0,9,0
?b  predecessor  ?f  ?a  spouse  ?f   ,?a  successor  ?b,0.042372881,0.054347826,0.333333333,15,276,45,?a,0.4,0.4166666666666667,0.6666666666666666,0.3333333333333333,10,5,25,12
?f  marriedTo  ?a  ?b  parent  ?f   ,?a  successor  ?b,0.011299435,0.363636364,0.8,4,11,5,?a,1.0,0.5,0.75,0.25,3,1,3,2
?a  marriedTo  ?f  ?b  parent  ?f   ,?a  successor  ?b,0.011299435,0.307692308,0.8,4,13,5,?a,1.0,0.5,0.75,0.25,3,1,3,2
?f  name  ?a  ?b  predecessor  ?f   ,?a  successor  ?b,0.031073446,0.052380952,0.785714286,11,210,14,?a,1.0,0.6666666666666666,0.8,0.2,8,2,8,3
?b  father  ?a  ?b  predecessor  ?a   ,?a  successor  ?b,0.220338983,0.735849057,0.975,78,106,80,?a,1.0,0.9629629629629629,0.3157894736842105,0.6842105263157895,24,52,24,54
?a  name  ?f  ?b  parent  ?f   ,?a  successor  ?b,0.011299435,0.042105263,0.333333333,4,95,12,?a,0.2857142857142857,0.5,0.5,0.5,2,2,7,4
?b  father  ?f  ?f  spouse  ?a   ,?a  successor  ?b,0.025423729,0.022113022,0.3,9,407,30,?a,0.5625,0.0,1.0,0.0,9,0,16,1
?f  name  ?a  ?b  parent  ?f   ,?a  successor  ?b,0.011299435,0.007561437,0.363636364,4,529,11,?a,0.2857142857142857,0.5,0.5,0.5,2,2,7,4
?b  father  ?f  ?a  spouse  ?f   ,?a  successor  ?b,0.028248588,0.023310023,0.384615385,10,429,26,?a,0.5882352941176471,0.0,1.0,0.0,10,0,17,0
?b  mother  ?f  ?f  spouse  ?a   ,?a  successor  ?b,0.152542373,0.170347003,0.428571429,54,317,126,?a,0.5789473684210527,0.5058823529411764,0.2037037037037037,0.7962962962962963,11,43,19,85
?b  name  ?f  ?f  parent  ?a   ,?a  successor  ?b,0.011299435,0.033333333,0.181818182,4,120,22,?a,0.2222222222222222,0.15384615384615385,0.5,0.5,2,2,9,13
?b  parent  ?f  ?a  predecessor  ?f   ,?a  successor  ?b,0.048022599,0.059859155,0.101190476,17,284,168,?a,0.23333333333333334,0.05172413793103448,0.8235294117647058,0.17647058823529413,14,3,60,58
?b  parent  ?f  ?a  spouse  ?f   ,?a  successor  ?b,0.214689266,0.11030479,0.45508982,76,689,167,?a,0.5476190476190477,0.6463414634146342,0.3026315789473684,0.6973684210526315,23,53,42,82
?b  mother  ?f  ?a  spouse  ?f   ,?a  successor  ?b,0.172316384,0.196141479,0.442028986,61,311,138,?a,0.6153846153846154,0.5555555555555556,0.26229508196721313,0.7377049180327869,16,45,26,81
?f  father  ?a  ?b  name  ?f   ,?a  successor  ?b,0.011299435,0.052631579,0.210526316,4,76,19,?a,0.3333333333333333,0.15384615384615385,0.5,0.5,2,2,6,13
?b  name  ?f  ?a  successor  ?f   ,?a  successor  ?b,0.036723164,0.764705882,0.764705882,13,17,17,?a,0.8461538461538461,0.5,0.8461538461538461,0.15384615384615385,11,2,13,4
?a  name  ?f  ?f  successor  ?b   ,?a  successor  ?b,0.036723164,0.764705882,0.764705882,13,17,17,?a,1.0,0.75,0.75,0.25,9,3,9,4
?b  mother  ?f  ?a  predecessor  ?f   ,?a  successor  ?b,0.011299435,0.114285714,0.142857143,4,35,28,?a,0.125,0.3333333333333333,0.25,0.75,1,3,8,9
?b  parent  ?f  ?f  spouse  ?a   ,?a  successor  ?b,0.192090395,0.097421203,0.433121019,68,698,157,?a,0.4857142857142857,0.5882352941176471,0.2537313432835821,0.746268656716418,17,50,35,85
?b  name  ?f  ?f  predecessor  ?a   ,?a  successor  ?b,0.028248588,0.666666667,0.714285714,10,15,14,?a,0.8,0.5,0.8,0.2,8,2,10,4
?a  child  ?b  ?b  predecessor  ?a   ,?a  successor  ?b,0.282485876,0.787401575,0.980392157,100,127,102,?a,1.0,0.972972972972973,0.22580645161290322,0.7741935483870968,21,72,21,74
?e  spouse  ?a  ?e  successor  ?b   ,?a  successor  ?b,0.053672316,0.070110701,0.351851852,19,271,54,?a,0.5384615384615384,0.29411764705882354,0.7368421052631579,0.2631578947368421,14,5,26,17
?e  father  ?b  ?e  mother  ?a   ,?a  successor  ?b,0.011299435,0.013468013,0.25,4,297,16,?a,0.25,0.0,1.0,0.0,4,0,16,0
?f  child  ?b  ?a  name  ?f   ,?a  successor  ?b,0.016949153,0.029850746,0.176470588,6,201,34,?a,0.5,1.0,0.5,0.5,3,3,6,3
?f  child  ?b  ?a  spouse  ?f   ,?a  successor  ?b,0.13559322,0.035767511,0.147239264,48,1342,326,?a,0.375,0.5614035087719298,0.2727272727272727,0.7272727272727273,12,32,32,57
?a  spouse  ?f  ?f  successor  ?b   ,?a  successor  ?b,0.053672316,0.070110701,0.339285714,19,271,56,?a,0.48148148148148145,0.375,0.6842105263157895,0.3157894736842105,13,6,27,16
?f  name  ?a  ?b  name  ?f   ,?a  name  ?b,0.164102564,0.96969697,1.0,96,99,96,?a,1.0,1.0,0.8958333333333334,0.10416666666666667,86,10,86,10
?e  name  ?a  ?e  successor  ?b   ,?a  successor  ?b,0.036723164,0.061320755,0.928571429,13,212,14,?a,1.0,0.75,0.75,0.25,9,3,9,4
?a  parent  ?f  ?b  parent  ?f   ,?a  name  ?b,0.12991453,0.087962963,0.112592593,76,864,675,?a,0.19830028328611898,0.0425531914893617,0.9210526315789473,0.07894736842105263,70,6,353,141
?f  spouse  ?a  ?b  spouse  ?f   ,?a  name  ?b,0.097435897,0.068100358,0.146529563,57,837,389,?a,0.24074074074074073,0.050505050505050504,0.9122807017543859,0.08771929824561403,52,5,216,99
?a  father  ?f  ?b  parent  ?f   ,?a  name  ?b,0.092307692,0.08681672,0.110429448,54,622,489,?a,0.17375886524822695,0.05434782608695652,0.9074074074074074,0.09259259259259259,49,5,282,92
?b  child  ?f  ?f  mother  ?a   ,?a  name  ?b,0.054700855,0.118081181,0.226950355,32,271,141,?a,0.30612244897959184,0.5,0.9375,0.0625,30,2,98,4
?e  child  ?b  ?e  name  ?a   ,?a  successor  ?b,0.016949153,0.005300353,0.166666667,6,1132,36,?a,0.5,0.75,0.5,0.5,3,3,6,4
?e  child  ?b  ?e  spouse  ?a   ,?a  successor  ?b,0.118644068,0.031319911,0.142857143,42,1341,294,?a,0.37037037037037035,0.5263157894736842,0.25,0.75,10,30,27,57
?f  name  ?b  ?a  name  ?f   ,?a  name  ?b,0.169230769,1.0,1.0,99,99,99,?a,1.0,1.0,0.8958333333333334,0.10416666666666667,86,10,86,10
?b  mother  ?f  ?a  parent  ?f   ,?a  name  ?b,0.061538462,0.07826087,0.100278552,36,460,359,?a,0.19298245614035087,0.03125,0.9166666666666666,0.08333333333333333,33,3,171,96
?b  father  ?f  ?a  parent  ?f   ,?a  name  ?b,0.092307692,0.08681672,0.109311741,54,622,494,?a,0.17883211678832117,0.05747126436781609,0.9074074074074074,0.09259259259259259,49,5,274,87
?f  child  ?a  ?b  mother  ?f   ,?a  name  ?b,0.042735043,0.030339806,0.119047619,25,824,210,?a,0.24468085106382978,0.05,0.92,0.08,23,2,94,40
?a  child  ?f  ?b  child  ?f   ,?a  name  ?b,0.092307692,0.083204931,0.112734864,54,649,479,?a,0.26704545454545453,0.047619047619047616,0.8703703703703703,0.12962962962962962,47,7,176,147
?a  mother  ?f  ?b  mother  ?f   ,?a  name  ?b,0.071794872,0.078358209,0.101449275,42,536,414,?a,0.18055555555555555,0.02912621359223301,0.9285714285714286,0.07142857142857142,39,3,216,103
?e  mother  ?a  ?e  parent  ?b   ,?a  name  ?b,0.07008547,0.071929825,0.167346939,41,570,245,?a,0.2857142857142857,0.3333333333333333,0.975609756097561,0.024390243902439025,40,1,140,3
?a  father  ?f  ?b  father  ?f   ,?a  name  ?b,0.126495726,0.093081761,0.115987461,74,795,638,?a,0.19705882352941176,0.059322033898305086,0.9054054054054054,0.0945945945945946,67,7,340,118
?a  child  ?f  ?f  mother  ?b   ,?a  name  ?b,0.054700855,0.118081181,0.154589372,32,271,207,?a,0.3488372093023256,0.01694915254237288,0.9375,0.0625,30,2,86,118
?f  spouse  ?b  ?a  spouse  ?f   ,?a  name  ?b,0.097435897,0.068100358,0.150395778,57,837,379,?a,0.24074074074074073,0.05154639175257732,0.9122807017543859,0.08771929824561403,52,5,216,97
?e  parent  ?a  ?e  parent  ?b   ,?a  name  ?b,0.126495726,0.05323741,0.100271003,74,1390,738,?a,0.21498371335504887,0.0625,0.8918918918918919,0.10810810810810811,66,8,307,128
?e  spouse  ?a  ?e  spouse  ?b   ,?a  name  ?b,0.116239316,0.06974359,0.150442478,68,975,452,?a,0.234375,0.06611570247933884,0.8823529411764706,0.11764705882352941,60,8,256,121
?e  mother  ?a  ?e  mother  ?b   ,?a  name  ?b,0.092307692,0.152112676,0.352941176,54,355,153,?a,0.3422818791946309,0.75,0.9444444444444444,0.05555555555555555,51,3,149,4
?b  child  ?a  ?b  successor  ?a   ,?a  predecessor  ?b,0.279329609,0.787401575,0.970873786,100,127,103,?b,0.9649122807017544,0.8823529411764706,0.55,0.45,55,45,57,51
?a  parent  ?b  ?b  successor  ?a   ,?a  predecessor  ?b,0.251396648,0.796460177,0.957446809,90,113,94,?b,0.9523809523809523,0.8888888888888888,0.45454545454545453,0.5454545454545454,40,48,42,54
?e  name  ?a  ?e  name  ?b   ,?a  name  ?b,0.169230769,0.181651376,1.0,99,545,99,?a,1.0,1.0,0.8958333333333334,0.10416666666666667,86,10,86,10
?a  father  ?b  ?a  parent  ?b   ,?a  predecessor  ?b,0.231843575,0.192575406,0.506097561,83,431,164,?b,0.65,0.676923076923077,0.46987951807228917,0.5301204819277109,39,44,60,65
?a  father  ?b  ?b  successor  ?a   ,?a  predecessor  ?b,0.217877095,0.764705882,0.962962963,78,102,81,?b,0.9142857142857143,0.8846153846153846,0.41025641025641024,0.5897435897435898,32,46,35,52
?a  name  ?f  ?b  name  ?f   ,?a  name  ?b,0.164102564,0.130968622,0.130968622,96,733,733,?a,0.2033096926713948,0.0641025641025641,0.8958333333333334,0.10416666666666667,86,10,423,156
?e  mother  ?b  ?e  parent  ?a   ,?a  name  ?b,0.07008547,0.071929825,0.135313531,41,570,303,?a,0.20618556701030927,0.009523809523809525,0.975609756097561,0.024390243902439025,40,1,194,105
?b  name  ?f  ?f  predecessor  ?a   ,?a  predecessor  ?b,0.011173184,0.266666667,0.285714286,4,15,14,?b,0.42857142857142855,0.3333333333333333,0.75,0.25,3,1,7,3
?b  name  ?f  ?a  predecessor  ?f   ,?a  predecessor  ?b,0.041899441,0.882352941,0.882352941,15,17,17,?b,0.8571428571428571,1.0,0.8,0.2,12,3,14,3
?f  child  ?a  ?b  name  ?f   ,?a  predecessor  ?b,0.01396648,0.024875622,0.128205128,5,201,39,?b,0.125,0.23076923076923078,0.4,0.6,2,3,16,13
?b  name  ?f  ?a  parent  ?f   ,?a  predecessor  ?b,0.01396648,0.052631579,0.384615385,5,95,13,?b,0.2,0.2,0.4,0.6,2,3,10,15
?a  predecessor  ?f  ?b  spouse  ?f   ,?a  predecessor  ?b,0.030726257,0.039855072,0.229166667,11,276,48,?b,0.03333333333333333,0.0273972602739726,0.6666666666666666,0.3333333333333333,4,2,120,73
?a  mother  ?f  ?b  spouse  ?f   ,?a  predecessor  ?b,0.175977654,0.202572347,0.466666667,63,311,135,?b,0.5714285714285714,0.6842105263157895,0.38095238095238093,0.6190476190476191,24,39,42,57
?b  name  ?f  ?f  successor  ?a   ,?a  predecessor  ?b,0.030726257,0.647058824,0.733333333,11,17,15,?b,0.8,0.75,0.7272727272727273,0.2727272727272727,8,3,10,4
?a  father  ?f  ?b  spouse  ?f   ,?a  predecessor  ?b,0.027932961,0.023310023,0.4,10,429,25,?b,0.0851063829787234,0.08695652173913043,0.4,0.6,4,6,47,69
?a  spouse  ?f  ?b  spouse  ?f   ,?a  name  ?b,0.117948718,0.067580803,0.146186441,69,1021,472,?a,0.22962962962962963,0.056451612903225805,0.8985507246376812,0.10144927536231885,62,7,270,124
?a  parent  ?f  ?b  spouse  ?f   ,?a  predecessor  ?b,0.206703911,0.107402032,0.451219512,74,689,164,?b,0.3898305084745763,0.5104166666666666,0.3194444444444444,0.6805555555555556,23,49,59,96
?a  mother  ?f  ?b  parent  ?f   ,?a  name  ?b,0.061538462,0.07826087,0.100558659,36,460,358,?a,0.19642857142857142,0.03260869565217391,0.9166666666666666,0.08333333333333333,33,3,168,92
?b  child  ?f  ?f  parent  ?a   ,?a  name  ?b,0.063247863,0.068391867,0.113496933,37,541,326,?a,0.2807017543859649,0.04,0.8648648648648649,0.13513513513513514,32,5,114,125
?b  successor  ?a  ?a  successor  ?b   ,?a  predecessor  ?b,0.011173184,1.0,1.0,4,4,4,?b,1.0,0.0,1.0,0.0,4,0,4,0
?a  name  ?f  ?b  successor  ?f   ,?a  predecessor  ?b,0.027932961,0.588235294,0.769230769,10,17,13,?b,1.0,0.75,0.5714285714285714,0.42857142857142855,4,3,4,4
?a  mother  ?b  ?b  successor  ?a   ,?a  predecessor  ?b,0.025139665,0.818181818,1.0,9,11,9,?b,1.0,1.0,0.4444444444444444,0.5555555555555556,4,5,4,5
?b  spouse  ?f  ?f  successor  ?a   ,?a  predecessor  ?b,0.041899441,0.055350554,0.267857143,15,271,56,?b,0.06451612903225806,0.06779661016949153,0.6,0.4,6,4,93,59
?f  child  ?a  ?b  spouse  ?f   ,?a  predecessor  ?b,0.111731844,0.029806259,0.125,40,1342,320,?b,0.3116883116883117,0.21621621621621623,0.6,0.4,24,16,77,74
?a  name  ?f  ?f  predecessor  ?b   ,?a  predecessor  ?b,0.033519553,0.8,0.8,12,15,15,?b,1.0,0.75,0.6666666666666666,0.3333333333333333,6,3,6,4
?b  child  ?f  ?a  successor  ?f   ,?a  predecessor  ?b,0.053072626,0.06031746,0.10982659,19,315,173,?b,0.24193548387096775,0.047058823529411764,0.7894736842105263,0.21052631578947367,15,4,62,85
?a  father  ?f  ?f  spouse  ?b   ,?a  predecessor  ?b,0.022346369,0.01965602,0.333333333,8,407,24,?b,0.08888888888888889,0.06060606060606061,0.5,0.5,4,4,45,66
?f  name  ?b  ?a  parent  ?f   ,?a  predecessor  ?b,0.01396648,0.009451796,0.416666667,5,529,12,?b,0.02857142857142857,0.034482758620689655,0.4,0.6,2,3,70,87
?a  parent  ?f  ?f  spouse  ?b   ,?a  predecessor  ?b,0.195530726,0.100286533,0.434782609,70,698,161,?b,0.4426229508196721,0.44565217391304346,0.39705882352941174,0.6029411764705882,27,41,61,92
?f  name  ?b  ?a  predecessor  ?f   ,?a  predecessor  ?b,0.041899441,0.071428571,0.9375,15,210,16,?b,0.10256410256410256,0.037037037037037035,0.8,0.2,12,3,117,81
?a  predecessor  ?f  ?f  spouse  ?b   ,?a  predecessor  ?b,0.030726257,0.041044776,0.255813953,11,268,43,?b,0.03636363636363636,0.025,0.6666666666666666,0.3333333333333333,4,2,110,80
?a  mother  ?f  ?f  spouse  ?b   ,?a  predecessor  ?b,0.170391061,0.192429022,0.469230769,61,317,130,?b,0.6222222222222222,0.5789473684210527,0.45901639344262296,0.5409836065573771,28,33,45,57
?e  name  ?b  ?e  successor  ?a   ,?a  predecessor  ?b,0.030726257,0.051886792,0.916666667,11,212,12,?b,0.08421052631578947,0.041666666666666664,0.7272727272727273,0.2727272727272727,8,3,95,72
?f  mother  ?b  ?a  successor  ?f   ,?a  predecessor  ?b,0.011173184,0.022346369,0.16,4,179,25,?b,0.025,0.05555555555555555,0.25,0.75,1,3,40,54
?e  child  ?a  ?e  spouse  ?b   ,?a  predecessor  ?b,0.100558659,0.026845638,0.124567474,36,1341,289,?b,0.32,0.16666666666666666,0.6666666666666666,0.3333333333333333,24,12,75,72
?f  father  ?b  ?a  successor  ?f   ,?a  predecessor  ?b,0.039106145,0.068627451,0.101449275,14,204,138,?b,0.2765957446808511,0.017857142857142856,0.9285714285714286,0.07142857142857142,13,1,47,56
?b  child  ?a  ?a  predecessor  ?b   ,?a  father  ?b,0.11942959,0.527559055,0.930555556,67,127,72,?a,0.9285714285714286,0.9318181818181818,0.3880597014925373,0.6119402985074627,26,41,28,44
?b  name  ?f  ?a  parent  ?f   ,?a  father  ?b,0.023172906,0.136842105,0.180555556,13,95,72,?a,0.16071428571428573,0.26666666666666666,0.6923076923076923,0.3076923076923077,9,4,56,15
?b  child  ?a  ?b  successor  ?a   ,?a  father  ?b,0.106951872,0.472440945,0.909090909,60,127,66,?a,0.8636363636363636,0.9318181818181818,0.31666666666666665,0.6833333333333333,19,41,22,44
?a  mother  ?f  ?b  spouse  ?f   ,?a  father  ?b,0.404634581,0.729903537,0.890196078,227,311,255,?a,0.9696969696969697,0.9571428571428572,0.7048458149779736,0.29515418502202645,160,67,165,70
?a  parent  ?b  ?b  successor  ?a   ,?a  father  ?b,0.144385027,0.716814159,0.9,81,113,90,?a,0.9210526315789473,0.9387755102040817,0.43209876543209874,0.5679012345679012,35,46,38,49
?f  parent  ?b  ?a  successor  ?f   ,?a  predecessor  ?b,0.05027933,0.04534005,0.104046243,18,397,173,?b,0.2545454545454545,0.046153846153846156,0.8235294117647058,0.17647058823529413,14,3,55,65
?f  child  ?a  ?b  spouse  ?f   ,?a  father  ?b,0.180035651,0.075260805,0.318611987,101,1342,317,?a,0.5793650793650794,0.345679012345679,0.7227722772277227,0.27722772277227725,73,28,126,81
?a  parent  ?f  ?b  spouse  ?f   ,?a  father  ?b,0.390374332,0.317851959,0.391071429,219,689,560,?a,0.6,0.7211538461538461,0.6575342465753424,0.3424657534246575,144,75,240,104
?e  spouse  ?b  ?e  successor  ?a   ,?a  predecessor  ?b,0.041899441,0.055350554,0.3125,15,271,48,?b,0.07228915662650602,0.05970149253731343,0.6,0.4,6,4,83,67
?a  parent  ?b  ?a  predecessor  ?b   ,?a  father  ?b,0.147950089,0.72173913,0.902173913,83,115,92,?a,0.9069767441860465,0.9166666666666666,0.46987951807228917,0.5301204819277109,39,44,43,48
?a  father  ?f  ?b  name  ?f   ,?a  father  ?b,0.028520499,1.0,1.0,16,16,16,?a,1.0,1.0,0.625,0.375,10,6,10,6
?a  parent  ?f  ?f  spouse  ?b   ,?a  father  ?b,0.417112299,0.335243553,0.407665505,234,698,574,?a,0.6533864541832669,0.6730769230769231,0.7008547008547008,0.29914529914529914,164,70,251,104
?a  mother  ?f  ?f  successor  ?b   ,?a  father  ?b,0.010695187,0.162162162,0.214285714,6,37,28,?a,0.23076923076923078,0.5,0.5,0.5,3,3,13,6
?b  child  ?f  ?f  name  ?a   ,?a  father  ?b,0.024955437,0.041297935,0.333333333,14,339,42,?a,0.4,0.5,0.8571428571428571,0.14285714285714285,12,2,30,4
?e  child  ?a  ?e  name  ?b   ,?a  predecessor  ?b,0.01396648,0.004416961,0.12195122,5,1132,41,?b,0.023529411764705882,0.037037037037037035,0.4,0.6,2,3,85,81
?b  child  ?f  ?a  name  ?f   ,?a  father  ?b,0.024955437,0.254545455,0.291666667,14,55,48,?a,0.35294117647058826,0.5,0.8571428571428571,0.14285714285714285,12,2,34,4
?a  name  ?f  ?f  parent  ?b   ,?a  father  ?b,0.096256684,0.45,0.519230769,54,120,104,?a,0.8032786885245902,0.8333333333333334,0.9074074074074074,0.09259259259259259,49,5,61,6
?e  name  ?a  ?e  parent  ?b   ,?a  father  ?b,0.096256684,0.072386059,0.524271845,54,746,103,?a,0.8032786885245902,0.8333333333333334,0.9074074074074074,0.09259259259259259,49,5,61,6
?e  father  ?b  ?e  name  ?a   ,?a  father  ?b,0.131907308,0.16017316,0.973684211,74,462,76,?a,0.9852941176470589,0.875,0.9054054054054054,0.0945945945945946,67,7,68,8
?e  child  ?a  ?e  spouse  ?b   ,?a  father  ?b,0.197860963,0.082774049,0.342592593,111,1341,324,?a,0.6194029850746269,0.34146341463414637,0.7477477477477478,0.25225225225225223,83,28,134,82
?f  child  ?a  ?b  marriedTo  ?f   ,?a  mother  ?b,0.012254902,0.104166667,0.384615385,5,48,13,?a,0.5,0.6666666666666666,0.6,0.4,3,2,6,3
?b  spouse  ?f  ?f  successor  ?a   ,?a  mother  ?b,0.132352941,0.199261993,0.402985075,54,271,134,?a,0.5882352941176471,0.7083333333333334,0.37037037037037035,0.6296296296296297,20,34,34,48
?f  child  ?a  ?b  name  ?f   ,?a  mother  ?b,0.100490196,0.2039801,0.872340426,41,201,47,?a,0.9090909090909091,0.8461538461538461,0.7317073170731707,0.2682926829268293,30,11,33,13
?a  predecessor  ?f  ?b  spouse  ?f   ,?a  mother  ?b,0.149509804,0.221014493,0.442028986,61,276,138,?a,0.6829268292682927,0.673469387755102,0.45901639344262296,0.5409836065573771,28,33,41,49
?a  father  ?f  ?b  spouse  ?f   ,?a  mother  ?b,0.593137255,0.564102564,0.753894081,242,429,321,?a,0.9717514124293786,0.9210526315789473,0.7107438016528925,0.2892561983471074,172,70,177,76
?f  child  ?a  ?b  spouse  ?f   ,?a  mother  ?b,0.279411765,0.084947839,0.373770492,114,1342,305,?a,0.5083333333333333,0.6625,0.5350877192982456,0.4649122807017544,61,53,120,80
?a  mother  ?f  ?b  name  ?f   ,?a  mother  ?b,0.164215686,0.957142857,0.957142857,67,70,70,?a,0.9642857142857143,0.9285714285714286,0.8059701492537313,0.19402985074626866,54,13,56,14
?f  father  ?b  ?a  name  ?f   ,?a  father  ?b,0.131907308,0.973684211,0.973684211,74,76,76,?a,0.9852941176470589,0.875,0.9054054054054054,0.0945945945945946,67,7,68,8
?b  child  ?a  ?a  parent  ?b   ,?a  father  ?b,0.272727273,0.451327434,0.583969466,153,339,262,?a,0.6231884057971014,0.8170731707317073,0.5620915032679739,0.43790849673202614,86,67,138,82
?a  parent  ?f  ?b  spouse  ?f   ,?a  mother  ?b,0.541666667,0.320754717,0.427466151,221,689,517,?a,0.7582938388625592,0.5754716981132075,0.7239819004524887,0.27601809954751133,160,61,211,106
?b  name  ?f  ?a  parent  ?f   ,?a  mother  ?b,0.112745098,0.484210526,0.836363636,46,95,55,?a,0.8571428571428571,0.8333333333333334,0.782608695652174,0.21739130434782608,36,10,42,12
?a  mother  ?e  ?e  spouse  ?b   ,?a  father  ?b,0.431372549,0.76340694,0.906367041,242,317,267,?a,0.9828571428571429,0.9722222222222222,0.7107438016528925,0.2892561983471074,172,70,175,72
?b  child  ?f  ?a  name  ?f   ,?a  mother  ?b,0.06127451,0.454545455,0.595238095,25,55,42,?a,0.7931034482758621,0.6666666666666666,0.92,0.08,23,2,29,3
?a  father  ?f  ?f  spouse  ?b   ,?a  mother  ?b,0.556372549,0.557739558,0.741830065,227,407,306,?a,0.9580838323353293,0.881578947368421,0.7048458149779736,0.29515418502202645,160,67,167,76
?b  child  ?f  ?f  name  ?a   ,?a  mother  ?b,0.06127451,0.073746313,0.694444444,25,339,36,?a,0.92,0.6666666666666666,0.92,0.08,23,2,25,3
?f  mother  ?b  ?a  name  ?f   ,?a  mother  ?b,0.102941176,0.954545455,0.954545455,42,44,44,?a,0.975,0.75,0.9285714285714286,0.07142857142857142,39,3,40,4
?a  name  ?f  ?f  parent  ?b   ,?a  mother  ?b,0.088235294,0.3,0.493150685,36,120,73,?a,0.868421052631579,0.75,0.9166666666666666,0.08333333333333333,33,3,38,4
?f  name  ?b  ?a  parent  ?f   ,?a  mother  ?b,0.112745098,0.086956522,0.13372093,46,529,344,?a,0.1791044776119403,0.1111111111111111,0.782608695652174,0.21739130434782608,36,10,201,90
?a  predecessor  ?f  ?f  spouse  ?b   ,?a  mother  ?b,0.154411765,0.235074627,0.463235294,63,268,136,?a,0.5853658536585366,0.7222222222222222,0.38095238095238093,0.6190476190476191,24,39,41,54
?a  mother  ?f  ?f  name  ?b   ,?a  mother  ?b,0.164215686,0.372222222,0.372222222,67,180,180,?a,0.3673469387755102,0.3939393939393939,0.8059701492537313,0.19402985074626866,54,13,147,33
?e  spouse  ?b  ?e  successor  ?a   ,?a  mother  ?b,0.149509804,0.225092251,0.438848921,61,271,139,?a,0.5,0.7818181818181819,0.29508196721311475,0.7049180327868853,18,43,36,55
?e  name  ?a  ?e  parent  ?b   ,?a  mother  ?b,0.088235294,0.048257373,0.5,36,746,72,?a,0.868421052631579,0.75,0.9166666666666666,0.08333333333333333,33,3,38,4
?e  mother  ?b  ?e  name  ?a   ,?a  mother  ?b,0.102941176,0.13125,0.954545455,42,320,44,?a,0.975,0.75,0.9285714285714286,0.07142857142857142,39,3,40,4
?f  gender  ?b  ?a  successor  ?f   ,?a  gender  ?b,0.097533632,0.435,0.820754717,87,200,106,?a,0.7391304347826086,0.8983050847457628,0.39080459770114945,0.6091954022988506,34,53,46,59
?a  parent  ?f  ?f  spouse  ?b   ,?a  mother  ?b,0.549019608,0.320916905,0.428298279,224,698,523,?a,0.7077625570776256,0.6448598130841121,0.6919642857142857,0.3080357142857143,155,69,219,107
?f  gender  ?b  ?a  mother  ?f   ,?a  gender  ?b,0.118834081,0.308139535,0.407692308,106,344,260,?a,0.5795454545454546,0.047619047619047616,0.9622641509433962,0.03773584905660377,102,4,176,84
?e  child  ?a  ?e  spouse  ?b   ,?a  mother  ?b,0.274509804,0.083519761,0.373333333,112,1341,300,?a,0.46153846153846156,0.6987951807228916,0.48214285714285715,0.5178571428571429,54,58,117,83
?f  gender  ?b  ?a  name  ?f   ,?a  gender  ?b,0.088565022,0.975308642,1.0,79,81,79,?a,1.0,1.0,0.8860759493670886,0.11392405063291139,70,9,70,9
?e  gender  ?b  ?e  successor  ?a   ,?a  gender  ?b,0.098654709,0.442211055,0.838095238,88,199,105,?a,0.7692307692307693,0.9795918367346939,0.45454545454545453,0.5454545454545454,40,48,52,49
?a  predecessor  ?b  ?b  successor  ?a   ,?a  parent  ?b,0.095137421,0.335820896,0.555555556,90,268,162,?b,0.6060606060606061,0.5217391304347826,0.45454545454545453,0.5454545454545454,40,48,66,92
?a  father  ?b  ?b  successor  ?a   ,?a  parent  ?b,0.085623679,0.794117647,0.952941176,81,102,85,?b,0.9210526315789473,0.7931034482758621,0.43209876543209874,0.5679012345679012,35,46,38,58
?b  child  ?a  ?b  successor  ?a   ,?a  parent  ?b,0.069767442,0.519685039,0.647058824,66,127,102,?b,0.9259259259259259,0.7735849056603774,0.3787878787878788,0.6212121212121212,25,41,27,53
?b  child  ?a  ?a  predecessor  ?b   ,?a  parent  ?b,0.077167019,0.57480315,0.682242991,73,127,107,?b,0.9375,0.8269230769230769,0.410958904109589,0.589041095890411,30,43,32,52
?a  father  ?b  ?a  predecessor  ?b   ,?a  parent  ?b,0.087737844,0.783018868,0.954022989,83,106,87,?b,0.9069767441860465,0.7857142857142857,0.46987951807228917,0.5301204819277109,39,44,43,56
?a  father  ?f  ?f  gender  ?b   ,?a  gender  ?b,0.226457399,0.438177874,0.577142857,202,461,350,?a,0.4725274725274725,0.948051948051948,0.6386138613861386,0.3613861386138614,129,73,273,77
?e  gender  ?b  ?e  name  ?a   ,?a  gender  ?b,0.088565022,0.191747573,1.0,79,412,79,?a,1.0,1.0,0.8860759493670886,0.11392405063291139,70,9,70,9
?e  father  ?a  ?e  gender  ?b   ,?a  gender  ?b,0.214125561,0.482323232,0.584097859,191,396,327,?a,0.65,0.5606060606060606,0.612565445026178,0.387434554973822,117,74,180,132
?e  gender  ?b  ?e  mother  ?a   ,?a  gender  ?b,0.1132287,0.341216216,0.40562249,101,296,249,?a,0.4260869565217391,0.375,0.9702970297029703,0.0297029702970297,98,3,230,8
?f  gender  ?b  ?a  predecessor  ?f   ,?a  gender  ?b,0.110986547,0.480582524,0.891891892,99,206,111,?a,0.8703703703703703,0.9629629629629629,0.47474747474747475,0.5252525252525253,47,52,54,54
?f  gender  ?b  ?a  parent  ?f   ,?a  gender  ?b,0.325112108,0.38107753,0.5,290,761,580,?a,0.6973684210526315,0.6446280991735537,0.7310344827586207,0.2689655172413793,212,78,304,121
?a  mother  ?f  ?b  name  ?f   ,?a  parent  ?b,0.048625793,0.657142857,0.807017544,46,70,57,?b,0.7346938775510204,0.7692307692307693,0.782608695652174,0.21739130434782608,36,10,49,13
?f  child  ?a  ?b  name  ?f   ,?a  parent  ?b,0.049682875,0.233830846,0.291925466,47,201,161,?b,0.7894736842105263,0.8095238095238095,0.6382978723404256,0.3617021276595745,30,17,38,21
?b  child  ?f  ?a  name  ?f   ,?a  parent  ?b,0.039112051,0.672727273,0.822222222,37,55,45,?b,0.7837837837837838,0.6666666666666666,0.9354838709677419,0.06451612903225806,29,2,37,3
?b  name  ?f  ?a  parent  ?f   ,?a  parent  ?b,0.095137421,0.947368421,0.967741935,90,95,93,?b,0.9701492537313433,0.88,0.7471264367816092,0.25287356321839083,65,22,67,25
?a  child  ?f  ?f  gender  ?b   ,?a  gender  ?b,0.193946188,0.490084986,0.652830189,173,353,265,?a,0.7542372881355932,0.7304347826086957,0.5144508670520231,0.48554913294797686,89,84,118,115
?b  child  ?f  ?f  name  ?a   ,?a  parent  ?b,0.039112051,0.109144543,0.130742049,37,339,283,?b,0.8787878787878788,0.6666666666666666,0.9354838709677419,0.06451612903225806,29,2,33,3
?a  name  ?f  ?f  parent  ?b   ,?a  parent  ?b,0.122621564,0.966666667,0.966666667,116,120,120,?b,0.9859154929577465,0.8571428571428571,0.9210526315789473,0.07894736842105263,70,6,71,7
?f  mother  ?b  ?a  name  ?f   ,?a  parent  ?b,0.038054968,0.818181818,0.923076923,36,44,39,?b,0.868421052631579,0.75,0.9166666666666666,0.08333333333333333,33,3,38,4
?f  father  ?b  ?a  name  ?f   ,?a  parent  ?b,0.057082452,0.710526316,0.947368421,54,76,57,?b,0.8032786885245902,0.8333333333333334,0.9074074074074074,0.09259259259259259,49,5,61,6
?f  name  ?b  ?a  parent  ?f   ,?a  parent  ?b,0.095137421,0.170132325,0.97826087,90,529,92,?b,0.20123839009287925,0.1732283464566929,0.7471264367816092,0.25287356321839083,65,22,323,127
?a  mother  ?f  ?b  spouse  ?f   ,?a  parent  ?b,0.237843552,0.723472669,0.889328063,225,311,253,?b,0.8516483516483516,0.75,0.6919642857142857,0.3080357142857143,155,69,182,92
?a  mother  ?f  ?f  name  ?b   ,?a  parent  ?b,0.048625793,0.255555556,0.793103448,46,180,58,?b,0.2608695652173913,0.3225806451612903,0.782608695652174,0.21739130434782608,36,10,138,31
?e  gender  ?b  ?e  parent  ?a   ,?a  gender  ?b,0.304932735,0.397660819,0.499082569,272,684,545,?a,0.5064935064935064,0.5703703703703704,0.7169117647058824,0.28308823529411764,195,77,385,135
?a  mother  ?f  ?f  spouse  ?b   ,?a  parent  ?b,0.234672304,0.700315457,0.89516129,222,317,248,?b,0.8247422680412371,0.7093023255813954,0.7239819004524887,0.27601809954751133,160,61,194,86
?a  predecessor  ?f  ?b  spouse  ?f   ,?a  parent  ?b,0.073995772,0.253623188,0.445859873,70,276,157,?b,0.5192307692307693,0.5942028985507246,0.39705882352941174,0.6029411764705882,27,41,52,69
?a  predecessor  ?f  ?f  spouse  ?b   ,?a  parent  ?b,0.078224101,0.276119403,0.477419355,74,268,155,?b,0.46938775510204084,0.6533333333333333,0.3194444444444444,0.6805555555555556,23,49,49,75
?e  child  ?a  ?e  name  ?b   ,?a  mother  ?b,0.100490196,0.036219081,0.16872428,41,1132,243,?a,0.24193548387096775,0.13095238095238096,0.7317073170731707,0.2682926829268293,30,11,124,84
?e  gender  ?b  ?e  predecessor  ?a   ,?a  gender  ?b,0.108744395,0.492385787,0.898148148,97,197,108,?a,0.8478260869565217,0.9354838709677419,0.4020618556701031,0.5979381443298969,39,58,46,62
?a  parent  ?f  ?f  spouse  ?b   ,?a  parent  ?b,0.453488372,0.614613181,0.837890625,429,698,512,?b,0.5918367346938775,0.6571428571428571,0.6541353383458647,0.3458646616541353,174,92,294,140
?a  parent  ?f  ?b  spouse  ?f   ,?a  parent  ?b,0.454545455,0.624092888,0.853174603,430,689,504,?b,0.6170212765957447,0.647887323943662,0.6541353383458647,0.3458646616541353,174,92,282,142
?a  father  ?f  ?f  name  ?b   ,?a  parent  ?b,0.013742072,0.034759358,0.928571429,13,374,14,?b,0.038135593220338986,0.0380952380952381,0.6923076923076923,0.3076923076923077,9,4,236,105
?a  father  ?f  ?f  spouse  ?b   ,?a  parent  ?b,0.231501057,0.538083538,0.784946237,219,407,279,?b,0.6792452830188679,0.7894736842105263,0.6575342465753424,0.3424657534246575,144,75,212,95
?a  father  ?f  ?b  name  ?f   ,?a  parent  ?b,0.013742072,0.8125,0.928571429,13,16,14,?b,1.0,1.0,0.6923076923076923,0.3076923076923077,9,4,9,4
?a  father  ?f  ?b  spouse  ?f   ,?a  parent  ?b,0.248414376,0.547785548,0.813148789,235,429,289,?b,0.7256637168141593,0.7608695652173914,0.7008547008547008,0.29914529914529914,164,70,226,92
?e  predecessor  ?b  ?e  successor  ?a   ,?a  parent  ?b,0.017970402,0.0609319,0.108974359,17,279,156,?b,0.16666666666666666,0.12,0.4375,0.5625,7,9,42,75
?b  spouse  ?e  ?e  successor  ?a   ,?a  parent  ?b,0.071881607,0.250922509,0.447368421,68,271,152,?b,0.5106382978723404,0.6307692307692307,0.36923076923076925,0.6307692307692307,24,41,47,65
?b  name  ?f  ?f  spouse  ?a   ,?a  spouse  ?b,0.071676301,0.746987952,0.885714286,62,83,70,?a,1.0,0.8372093023255814,0.4098360655737705,0.5901639344262295,25,36,25,43
?e  child  ?a  ?e  name  ?b   ,?a  parent  ?b,0.049682875,0.041519435,0.279761905,47,1132,168,?b,0.18518518518518517,0.15454545454545454,0.6382978723404256,0.3617021276595745,30,17,162,110
?e  mother  ?b  ?e  name  ?a   ,?a  parent  ?b,0.038054968,0.1125,0.137931034,36,320,261,?b,0.868421052631579,0.75,0.9166666666666666,0.08333333333333333,33,3,38,4
?b  name  ?f  ?a  spouse  ?f   ,?a  spouse  ?b,0.09017341,0.939759036,0.939759036,78,83,83,?a,1.0,0.8958333333333334,0.4266666666666667,0.5733333333333334,32,43,32,48
?e  child  ?a  ?e  gender  ?b   ,?a  gender  ?b,0.218609865,0.175044883,0.635179153,195,1114,307,?a,0.7657142857142857,0.7093023255813954,0.6871794871794872,0.3128205128205128,134,61,175,86
?e  father  ?b  ?e  name  ?a   ,?a  parent  ?b,0.057082452,0.116883117,0.143236074,54,462,377,?b,0.8032786885245902,0.8333333333333334,0.9074074074074074,0.09259259259259259,49,5,61,6
?f  parent  ?a  ?b  successor  ?f   ,?a  spouse  ?b,0.077456647,0.168765743,0.238434164,67,397,281,?a,0.4789915966386555,0.1282051282051282,0.8507462686567164,0.14925373134328357,57,10,119,78
?e  child  ?a  ?b  spouse  ?e   ,?a  parent  ?b,0.235729387,0.166169896,0.243982495,223,1342,914,?b,0.7843137254901961,0.82,0.594059405940594,0.40594059405940597,120,82,153,100
?a  child  ?f  ?b  successor  ?f   ,?a  spouse  ?b,0.046242775,0.126984127,0.173913043,40,315,230,?a,0.5344827586206896,0.09473684210526316,0.775,0.225,31,9,58,95
?e  child  ?a  ?e  spouse  ?b   ,?a  parent  ?b,0.236786469,0.167039523,0.242950108,224,1341,922,?b,0.7261146496815286,0.8240740740740741,0.5615763546798029,0.43842364532019706,114,89,157,108
?b  child  ?f  ?f  mother  ?a   ,?a  spouse  ?b,0.114450867,0.365313653,0.502538071,99,271,197,?a,0.6174496644295302,0.75,0.9387755102040817,0.061224489795918366,92,6,149,8
?b  child  ?f  ?f  predecessor  ?a   ,?a  spouse  ?b,0.042774566,0.124161074,0.216374269,37,298,171,?a,0.21212121212121213,0.3225806451612903,0.1891891891891892,0.8108108108108109,7,30,33,93
?b  child  ?f  ?f  father  ?a   ,?a  spouse  ?b,0.097109827,0.301075269,0.415841584,84,279,202,?a,0.0,0.5466666666666666,0.0,1.0,0,82,0,150
?b  child  ?f  ?a  successor  ?f   ,?a  spouse  ?b,0.050867052,0.13968254,0.232804233,44,315,189,?a,0.2857142857142857,0.35555555555555557,0.2727272727272727,0.7272727272727273,12,32,42,90
?b  child  ?f  ?f  parent  ?a   ,?a  spouse  ?b,0.21849711,0.34935305,0.478481013,189,541,395,?a,0.6369426751592356,0.564935064935065,0.5347593582887701,0.46524064171123,100,87,157,154
?a  child  ?f  ?f  predecessor  ?b   ,?a  spouse  ?b,0.041618497,0.120805369,0.168224299,36,298,214,?a,0.5517241379310345,0.0425531914893617,0.8888888888888888,0.1111111111111111,32,4,58,94
?a  child  ?f  ?f  mother  ?b   ,?a  spouse  ?b,0.112138728,0.357933579,0.482587065,97,271,201,?a,0.0,0.9056603773584906,0.0,1.0,0,96,91,106
?f  parent  ?b  ?a  successor  ?f   ,?a  spouse  ?b,0.087861272,0.191435768,0.345454545,76,397,220,?a,0.45098039215686275,0.6973684210526315,0.3026315789473684,0.6973684210526315,23,53,51,76
?a  child  ?f  ?b  child  ?f   ,?a  spouse  ?b,0.167630058,0.223420647,0.302083333,145,649,480,?a,0.4438202247191011,0.44285714285714284,0.5602836879432624,0.4397163120567376,79,62,178,140
?a  child  ?f  ?f  father  ?b   ,?a  spouse  ?b,0.107514451,0.333333333,0.455882353,93,279,204,?a,0.9888888888888889,0.03571428571428571,0.956989247311828,0.043010752688172046,89,4,90,112
?e  name  ?a  ?e  parent  ?b   ,?a  parent  ?b,0.122621564,0.155495979,0.155495979,116,746,746,?b,0.9859154929577465,0.8571428571428571,0.9210526315789473,0.07894736842105263,70,6,71,7
?f  mother  ?a  ?b  successor  ?f   ,?a  spouse  ?b,0.062427746,0.301675978,0.432,54,179,125,?a,0.5862068965517241,0.75,0.9444444444444444,0.05555555555555555,51,3,87,4
?a  child  ?f  ?f  parent  ?b   ,?a  spouse  ?b,0.223121387,0.356746765,0.477722772,193,541,404,?a,0.7545454545454545,0.8217054263565892,0.43915343915343913,0.5608465608465608,83,106,110,129
?f  mother  ?b  ?a  successor  ?f   ,?a  spouse  ?b,0.070520231,0.340782123,0.559633028,61,179,109,?a,0.38095238095238093,0.75,0.26229508196721313,0.7377049180327869,16,45,42,60
?e  father  ?a  ?e  parent  ?b   ,?a  spouse  ?b,0.220809249,0.28422619,0.454761905,191,672,420,?a,0.7549019607843137,0.7638888888888888,0.4117647058823529,0.5882352941176471,77,110,102,144
?e  spouse  ?b  ?e  successor  ?a   ,?a  parent  ?b,0.080338266,0.280442804,0.484076433,76,271,157,?b,0.425531914893617,0.726027397260274,0.273972602739726,0.726027397260274,20,53,47,73
?e  mother  ?b  ?e  predecessor  ?a   ,?a  spouse  ?b,0.07283237,0.355932203,0.6,63,177,105,?a,0.4634146341463415,0.7586206896551724,0.30158730158730157,0.6984126984126984,19,44,41,58
?e  parent  ?b  ?e  predecessor  ?a   ,?a  spouse  ?b,0.085549133,0.18877551,0.3507109,74,392,211,?a,0.4489795918367347,0.6753246753246753,0.2972972972972973,0.7027027027027027,22,52,49,77
?a  name  ?e  ?e  spouse  ?b   ,?a  spouse  ?b,0.092485549,0.963855422,0.975609756,80,83,82,?a,0.96875,1.0,0.8985507246376812,0.10144927536231885,62,7,64,7
?e  name  ?a  ?e  spouse  ?b   ,?a  spouse  ?b,0.092485549,0.168421053,0.975609756,80,475,82,?a,0.96875,1.0,0.8985507246376812,0.10144927536231885,62,7,64,7
?e  mother  ?a  ?e  predecessor  ?b   ,?a  spouse  ?b,0.070520231,0.344632768,0.472868217,61,177,129,?a,0.6145833333333334,0.3333333333333333,0.9672131147540983,0.03278688524590164,59,2,96,6
?e  parent  ?a  ?e  predecessor  ?b   ,?a  spouse  ?b,0.080924855,0.178571429,0.252707581,70,392,277,?a,0.49612403100775193,0.075,0.9142857142857143,0.08571428571428572,64,6,129,80
?a  name  ?f  ?b  spouse  ?f   ,?a  spouse  ?b,0.071676301,0.746987952,0.873239437,62,83,71,?a,0.9454545454545454,0.8333333333333334,0.9122807017543859,0.08771929824561403,52,5,55,6
?b  predecessor  ?a  ?a  successor  ?b   ,?a  child  ?b,0.066312997,0.373134328,0.549450549,100,268,182,?b,0.5121951219512195,0.7422680412371134,0.22580645161290322,0.7741935483870968,21,72,41,97
?b  father  ?a  ?b  predecessor  ?a   ,?a  child  ?b,0.044429708,0.632075472,0.893333333,67,106,75,?b,0.5,0.8695652173913043,0.07692307692307693,0.9230769230769231,5,60,10,69
?e  mother  ?b  ?e  parent  ?a   ,?a  spouse  ?b,0.232369942,0.352631579,0.490243902,201,570,410,?a,0.27636363636363637,0.9389312977099237,0.38190954773869346,0.6180904522613065,76,123,275,131
?e  father  ?b  ?e  mother  ?a   ,?a  spouse  ?b,0.248554913,0.723905724,0.98173516,215,297,219,?a,0.9813953488372092,1.0,0.9813953488372092,0.018604651162790697,211,4,215,4
?e  name  ?b  ?e  spouse  ?a   ,?a  spouse  ?b,0.071676301,0.130526316,0.164456233,62,475,377,?a,0.09124087591240876,0.4235294117647059,0.4098360655737705,0.5901639344262295,25,36,274,85
?f  name  ?a  ?b  spouse  ?f   ,?a  spouse  ?b,0.071676301,0.132196162,0.911764706,62,469,68,?a,0.9811320754716981,1.0,0.9122807017543859,0.08771929824561403,52,5,53,5
?b  father  ?a  ?a  successor  ?b   ,?a  child  ?b,0.039787798,0.588235294,0.833333333,60,102,72,?b,0.5,0.8548387096774194,0.08620689655172414,0.9137931034482759,5,53,10,62
?b  parent  ?a  ?a  successor  ?b   ,?a  child  ?b,0.043766578,0.584070796,0.825,66,113,80,?b,0.7368421052631579,0.8771929824561403,0.21875,0.78125,14,50,19,57
?e  father  ?a  ?e  mother  ?b   ,?a  spouse  ?b,0.231213873,0.673400673,0.943396226,200,297,212,?a,0.9642857142857143,0.936,0.4090909090909091,0.5909090909090909,81,117,84,125
?b  father  ?a  ?b  parent  ?a   ,?a  child  ?b,0.101458886,0.354988399,0.753694581,153,431,203,?b,0.5882352941176471,0.9672131147540983,0.078125,0.921875,10,118,17,122
?e  father  ?b  ?e  parent  ?a   ,?a  spouse  ?b,0.239306358,0.308035714,0.485915493,207,672,426,?a,0.6843853820598007,0.008,0.9951690821256038,0.004830917874396135,206,1,301,125
?b  predecessor  ?f  ?f  spouse  ?a   ,?a  child  ?b,0.026525199,0.149253731,0.220994475,40,268,181,?b,0.44,0.26666666666666666,0.8918918918918919,0.10810810810810811,33,4,75,15
?b  predecessor  ?f  ?a  spouse  ?f   ,?a  child  ?b,0.023872679,0.130434783,0.192513369,36,276,187,?b,0.4383561643835616,0.2857142857142857,0.8888888888888888,0.1111111111111111,32,4,73,14
?a  child  ?f  ?b  predecessor  ?f   ,?a  child  ?b,0.015251989,0.086142322,0.115,23,267,200,?b,0.10975609756097561,0.11764705882352941,0.42857142857142855,0.5714285714285714,9,12,82,102
?e  mother  ?a  ?e  parent  ?b   ,?a  spouse  ?b,0.23699422,0.359649123,0.5,205,570,410,?a,0.8215767634854771,0.8571428571428571,0.9705882352941176,0.029411764705882353,198,6,241,7
?f  mother  ?a  ?b  name  ?f   ,?a  child  ?b,0.016578249,0.568181818,0.892857143,25,44,28,?b,0.8888888888888888,1.0,0.96,0.04,24,1,27,1
?f  name  ?b  ?a  spouse  ?f   ,?a  spouse  ?b,0.09017341,0.166311301,0.166311301,78,469,469,?a,0.09116809116809117,0.44329896907216493,0.4266666666666667,0.5733333333333334,32,43,351,97
?b  father  ?f  ?a  spouse  ?f   ,?a  child  ?b,0.074270557,0.261072261,0.408759124,112,429,274,?b,0.7739130434782608,0.8,0.956989247311828,0.043010752688172046,89,4,115,5
?e  parent  ?a  ?e  parent  ?b   ,?a  spouse  ?b,0.440462428,0.274100719,0.418221734,381,1390,911,?a,0.7457627118644068,0.7261146496815286,0.6984126984126984,0.30158730158730157,264,114,354,157
?a  child  ?f  ?b  successor  ?f   ,?a  child  ?b,0.014588859,0.06984127,0.11,22,315,200,?b,0.06382978723404255,0.1016949152542373,0.3333333333333333,0.6666666666666666,6,12,94,118
?a  name  ?f  ?b  parent  ?f   ,?a  child  ?b,0.031167109,0.494736842,0.712121212,47,95,66,?b,0.8205128205128205,0.8333333333333334,0.8648648648648649,0.13513513513513514,32,5,39,6
?b  father  ?f  ?f  spouse  ?a   ,?a  child  ?b,0.067639257,0.250614251,0.380597015,102,407,268,?b,0.7766990291262136,0.6,0.963855421686747,0.03614457831325301,80,3,103,5
?b  name  ?f  ?f  parent  ?a   ,?a  child  ?b,0.024535809,0.308333333,0.627118644,37,120,59,?b,0.75,0.8125,0.6486486486486487,0.35135135135135137,24,13,32,16
?f  name  ?a  ?b  parent  ?f   ,?a  child  ?b,0.031167109,0.088846881,0.15210356,47,529,309,?b,0.8421052631578947,1.0,0.8648648648648649,0.13513513513513514,32,5,38,5
?b  parent  ?f  ?f  spouse  ?a   ,?a  child  ?b,0.147877984,0.319484241,0.487964989,223,698,457,?b,0.6956521739130435,0.9210526315789473,0.43243243243243246,0.5675675675675675,80,105,115,114
?f  child  ?b  ?a  marriedTo  ?f   ,?a  child  ?b,0.017241379,0.541666667,0.541666667,26,48,48,?b,1.0,1.0,0.75,0.25,6,2,6,2
?b  parent  ?a  ?b  predecessor  ?a   ,?a  child  ?b,0.048408488,0.634782609,0.879518072,73,115,83,?b,0.7272727272727273,0.8870967741935484,0.22535211267605634,0.7746478873239436,16,55,22,62
?b  mother  ?f  ?a  name  ?f   ,?a  child  ?b,0.027188329,0.585714286,0.788461538,41,70,52,?b,0.8333333333333334,1.0,0.9375,0.0625,30,2,36,2
?a  child  ?f  ?b  name  ?f   ,?a  child  ?b,0.031167109,0.854545455,0.94,47,55,50,?b,0.90625,0.8181818181818182,0.6170212765957447,0.3829787234042553,29,18,32,22
?f  child  ?b  ?a  name  ?f   ,?a  child  ?b,0.131962865,0.990049751,0.990049751,199,201,201,?b,1.0,1.0,0.8703703703703703,0.12962962962962962,47,7,47,7
?a  spouse  ?f  ?f  successor  ?b   ,?a  child  ?b,0.027851459,0.15498155,0.206896552,42,271,203,?b,0.4305555555555556,0.5,0.775,0.225,31,9,72,18
?a  child  ?e  ?e  successor  ?b   ,?a  child  ?b,0.014588859,0.08627451,0.105263158,22,255,209,?b,0.07228915662650602,0.125,0.3333333333333333,0.6666666666666666,6,12,83,96
?e  spouse  ?a  ?e  successor  ?b   ,?a  child  ?b,0.031830239,0.177121771,0.23880597,48,271,201,?b,0.4864864864864865,0.4444444444444444,0.8181818181818182,0.18181818181818182,36,8,74,18
?e  child  ?b  ?e  marriedTo  ?a   ,?a  child  ?b,0.017241379,0.619047619,0.619047619,26,42,42,?b,1.0,1.0,0.75,0.25,6,2,6,2
?b  parent  ?f  ?a  spouse  ?f   ,?a  child  ?b,0.148541114,0.325108853,0.505643341,224,689,443,?b,0.6747967479674797,0.9298245614035088,0.43915343915343913,0.5608465608465608,83,106,123,114
?e  mother  ?a  ?e  name  ?b   ,?a  child  ?b,0.016578249,0.078125,0.78125,25,320,32,?b,0.2222222222222222,0.25,0.96,0.04,24,1,108,4
?a  child  ?e  ?e  name  ?b   ,?a  child  ?b,0.031167109,0.138643068,0.959183673,47,339,49,?b,0.2196969696969697,0.1323529411764706,0.6170212765957447,0.3829787234042553,29,18,132,136
?b  mother  ?f  ?f  name  ?a   ,?a  child  ?b,0.027188329,0.227777778,0.333333333,41,180,123,?b,0.8333333333333334,1.0,0.9375,0.0625,30,2,36,2
?e  name  ?b  ?e  parent  ?a   ,?a  child  ?b,0.024535809,0.049597855,0.560606061,37,746,66,?b,0.18461538461538463,0.11711711711711711,0.6486486486486487,0.35135135135135137,24,13,130,111
?b  mother  ?f  ?f  spouse  ?a   ,?a  child  ?b,0.076259947,0.362776025,0.56372549,115,317,204,?b,0.0,0.9,0.0,1.0,0,99,9,110
?a  name  ?f  ?f  type  ?b   ,?a  type  ?b,0.046826864,0.974358974,1.0,76,78,76,?a,1.0,1.0,0.881578947368421,0.11842105263157894,67,9,67,9
?a  successor  ?f  ?f  type  ?b   ,?a  type  ?b,0.104128158,0.728448276,1.0,169,232,169,?a,1.0,1.0,0.5857988165680473,0.41420118343195267,99,70,99,70
?a  mother  ?f  ?f  type  ?b   ,?a  type  ?b,0.135551448,0.728476821,1.0,220,302,220,?a,1.0,1.0,0.6772727272727272,0.32272727272727275,149,71,149,71
?a  father  ?f  ?f  type  ?b   ,?a  type  ?b,0.181762169,0.732009926,1.0,295,403,295,?a,1.0,1.0,0.7423728813559322,0.2576271186440678,219,76,219,76
?a  predecessor  ?f  ?f  type  ?b   ,?a  type  ?b,0.1004313,0.705627706,1.0,163,231,163,?a,1.0,1.0,0.6073619631901841,0.39263803680981596,99,64,99,64
?e  child  ?b  ?e  name  ?a   ,?a  child  ?b,0.131962865,0.175795053,0.175795053,199,1132,1132,?b,1.0,1.0,0.8703703703703703,0.12962962962962962,47,7,47,7
?e  child  ?b  ?e  spouse  ?a   ,?a  child  ?b,0.263925729,0.296793438,0.296793438,398,1341,1341,?b,0.8636363636363636,0.8767123287671232,0.5428571428571428,0.45714285714285713,76,64,88,73
?a  parent  ?f  ?f  type  ?b   ,?a  type  ?b,0.232902033,0.73540856,1.0,378,514,378,?a,1.0,1.0,0.6957671957671958,0.30423280423280424,263,115,263,115
?a  spouse  ?f  ?f  type  ?b   ,?a  type  ?b,0.267406038,0.756097561,1.0,434,574,434,?a,1.0,1.0,0.7534562211981567,0.2465437788018433,327,107,327,107
?f  child  ?b  ?a  spouse  ?f   ,?a  child  ?b,0.264588859,0.297317437,0.297317437,399,1342,1342,?b,0.8681318681318682,0.8732394366197183,0.5602836879432624,0.4397163120567376,79,62,91,71
?b  mother  ?f  ?a  spouse  ?f   ,?a  child  ?b,0.074933687,0.363344051,0.559405941,113,311,202,?b,0.0,0.9142857142857143,0.0,1.0,0,96,13,105
?e  mother  ?a  ?e  type  ?b   ,?a  type  ?b,0.124460875,0.748148148,1.0,202,270,202,?a,1.0,1.0,0.9752475247524752,0.024752475247524754,197,5,197,5
?e  successor  ?a  ?e  type  ?b   ,?a  type  ?b,0.101047443,0.70995671,1.0,164,231,164,?a,1.0,1.0,0.6036585365853658,0.39634146341463417,99,65,99,65
?e  father  ?a  ?e  type  ?b   ,?a  type  ?b,0.15896488,0.722689076,1.0,258,357,258,?a,1.0,1.0,0.5542635658914729,0.44573643410852715,143,115,143,115
?e  name  ?a  ?e  type  ?b   ,?a  type  ?b,0.046210721,0.186567164,1.0,75,402,75,?a,1.0,1.0,0.88,0.12,66,9,66,9
?e  predecessor  ?a  ?e  type  ?b   ,?a  type  ?b,0.102895872,0.729257642,1.0,167,229,167,?a,1.0,1.0,0.5449101796407185,0.4550898203592814,91,76,91,76
?f  hasSpouse  ?b  ?a  name  ?f   ,?a  hasSpouse  ?b,0.038900415,0.949367089,0.961538462,75,79,78,?a,0.9571428571428572,1.0,0.8933333333333333,0.10666666666666667,67,8,70,8
?f  hasSpouse  ?b  ?a  successor  ?f   ,?a  hasSpouse  ?b,0.051348548,0.380769231,0.492537313,99,260,201,?a,0.391304347826087,0.6585365853658537,0.45454545454545453,0.5454545454545454,45,54,115,82
?e  spouse  ?a  ?e  type  ?b   ,?a  type  ?b,0.261860752,0.741710297,1.0,425,573,425,?a,1.0,1.0,0.7223529411764706,0.2776470588235294,307,118,307,118
?a  child  ?f  ?f  type  ?b   ,?a  type  ?b,0.181146026,0.748091603,1.0,294,393,294,?a,1.0,1.0,0.5782312925170068,0.4217687074829932,170,124,170,124
?f  hasSpouse  ?b  ?a  mother  ?f   ,?a  hasSpouse  ?b,0.107365145,0.678688525,0.911894273,207,305,227,?a,0.8789808917197452,0.9857142857142858,0.6666666666666666,0.3333333333333333,138,69,157,70
?a  child  ?f  ?f  hasSpouse  ?b   ,?a  hasSpouse  ?b,0.114107884,0.341614907,0.456431535,220,644,482,?a,0.6120218579234973,0.8307692307692308,0.509090909090909,0.4909090909090909,112,108,183,130
?f  hasSpouse  ?b  ?a  predecessor  ?f   ,?a  hasSpouse  ?b,0.049273859,0.358490566,0.456730769,95,265,208,?a,0.37815126050420167,0.6410256410256411,0.47368421052631576,0.5263157894736842,45,50,119,78
?e  hasSpouse  ?b  ?e  predecessor  ?a   ,?a  hasSpouse  ?b,0.050311203,0.366037736,0.466346154,97,265,208,?a,0.36283185840707965,0.6363636363636364,0.422680412371134,0.5773195876288659,41,56,113,88
?e  hasSpouse  ?b  ?e  successor  ?a   ,?a  hasSpouse  ?b,0.049273859,0.37254902,0.467980296,95,255,203,?a,0.4107142857142857,0.6282051282051282,0.4842105263157895,0.5157894736842106,46,49,112,78
?f  hasSpouse  ?b  ?a  spouse  ?f   ,?a  hasSpouse  ?b,0.251037344,0.778135048,1.0,484,622,484,?a,1.0,1.0,0.75,0.25,363,121,363,121
?a  child  ?e  ?e  predecessor  ?b   ,?a  child  ?b,0.015251989,0.077181208,0.115,23,298,200,?b,0.0989010989010989,0.09836065573770492,0.42857142857142855,0.5714285714285714,9,12,91,122
?f  hasSpouse  ?b  ?a  parent  ?f   ,?a  hasSpouse  ?b,0.171161826,0.622641509,0.825,330,530,400,?a,0.7859649122807018,0.9298245614035088,0.6787878787878788,0.3212121212121212,224,106,285,114
?e  hasSpouse  ?b  ?e  mother  ?a   ,?a  hasSpouse  ?b,0.095954357,0.672727273,0.906862745,185,275,204,?a,0.9183673469387755,1.0,0.972972972972973,0.02702702702702703,180,5,196,5
?e  child  ?a  ?e  type  ?b   ,?a  type  ?b,0.426987061,0.724137931,1.0,693,957,693,?a,1.0,1.0,0.8715728715728716,0.12842712842712842,604,89,604,89
?a  father  ?f  ?f  hasSpouse  ?b   ,?a  hasSpouse  ?b,0.122925311,0.58808933,0.787375415,237,403,301,?a,0.7455357142857143,0.9090909090909091,0.7046413502109705,0.29535864978902954,167,70,224,77
?e  father  ?a  ?e  hasSpouse  ?b   ,?a  hasSpouse  ?b,0.106327801,0.566298343,0.770676692,205,362,266,?a,0.6285714285714286,0.9669421487603306,0.4292682926829268,0.5707317073170731,88,117,140,121
?e  hasSpouse  ?b  ?e  spouse  ?a   ,?a  hasSpouse  ?b,0.243775934,0.796610169,1.0,470,590,470,?a,1.0,1.0,0.7276595744680852,0.2723404255319149,342,128,342,128
?e  hasSpouse  ?b  ?e  name  ?a   ,?a  hasSpouse  ?b,0.038900415,0.186104218,0.974025974,75,403,77,?a,0.9710144927536232,1.0,0.8933333333333333,0.10666666666666667,67,8,69,8
?e  hasSpouse  ?b  ?e  parent  ?a   ,?a  hasSpouse  ?b,0.201244813,0.604361371,0.816842105,388,642,475,?a,0.783625730994152,0.96,0.6907216494845361,0.30927835051546393,268,120,342,125
?e  child  ?a  ?e  hasSpouse  ?b   ,?a  hasSpouse  ?b,0.139522822,0.2858661,0.309907834,269,941,868,?a,0.23027166882276842,0.9578947368421052,0.6617100371747212,0.3382899628252788,178,91,773,95
?e  parent  ?a  ?e  type  ?b   ,?a  type  ?b,0.271102896,0.727272727,1.0,440,605,440,?a,1.0,1.0,0.7363636363636363,0.2636363636363636,324,116,324,116
