Q2000624	city	Q37066
Q280826	city	Q37066
Q968559	city	Q37066
Q511524	city	Q37066
Q28292	city	Q37066
Q280844	city	Q37066
Q28286	city	Q37066
Q29124	city	Q37066
Q135328	city	Q37066
Q511498	city	Q37066
Q5419	city	Q37066
Q48920	city	Q37066
Q280820	city	Q37066
Q28496	city	Q37066
Q28523	city	Q37066
Q28285	city	Q37066
Q48927	city	Q37066
Q126829	city	Q37066
Q28308	city	Q37066
Q28283	city	Q37066
Q487925	city	Q37066
Q374772	city	Q37066
Q483923	city	Q16567
Q278589	city	Q16567
Q2302319	city	Q16567
Q336183	city	Q16567
Q421970	city	Q16567
Q499295	city	Q16567
Q336167	city	Q16567
Q403319	city	Q16567
Q4915	city	Q16567
Q1047060	city	Q16567
Q386271	city	Q16567
Q490190	city	Q16567
Q389573	city	Q16567
Q1473615	city	Q16567
Q485532	city	Q16567
Q336322	city	Q16567
Q421960	city	Q16567
Q113220	city	Q16567
Q490161	city	Q16567
Q489571	city	Q16567
Q403777	city	Q16567
Q490157	city	Q16567
Q825807	city	Q16567
Q489586	city	Q16567
Q421956	city	Q16567
Q1783191	city	Q16567
Q485650	city	Q16567
Q490150	city	Q16567
Q402938	city	Q16567
Q114140	city	Q16567
Q485600	city	Q16567
Q485524	city	Q16567
Q8028571	city	Q16567
Q1683585	city	Q16567
Q489919	city	Q16567
Q499302	city	Q16567
Q2092392	city	Q16567
Q5048332	city	Q16567
Q485558	city	Q16567
Q485615	city	Q16567
Q1346135	city	Q16567
Q485513	city	Q16567
Q489942	city	Q16567
Q5769100	city	Q16567
Q421974	city	Q16567
Q336229	city	Q16567
Q403184	city	Q16567
Q489912	city	Q16567
Q895457	city	Q16567
Q485528	city	Q16567
Q485526	city	Q16567
Q489553	city	Q16567
Q485596	city	Q16567
Q6763222	city	Q16567
Q485571	city	Q16567
Q497208	city	Q16567
Q288606	city	Q16567
Q490168	city	Q16567
Q489935	city	Q16567
Q485592	city	Q16567
Q288592	city	Q16567
Q251277	city	Q16567
Q487280	city	Q16567
Q372364	city	Q16567
Q112107	city	Q16567
Q1849843	city	Q16567
Q485561	city	Q16567
Q1666981	city	Q16567
Q421963	city	Q16567
Q489595	city	Q16567
Q194266	city	Q16567
Q152891	city	Q16567
Q490184	city	Q16567
Q489915	city	Q16567
Q616591	city	Q16567
Q490181	city	Q16567
Q336190	city	Q16567
Q336337	city	Q16567
Q403310	city	Q16567
Q4493503	city	Q16567
Q485536	city	Q16567
Q111575	city	Q16567
Q485588	city	Q16567
Q7895273	city	Q16567
Q4697913	city	Q16567
Q251267	city	Q16567
Q113237	city	Q16567
Q485502	city	Q16567
Q109969	city	Q16567
Q489536	city	Q16567
Q489576	city	Q16567
Q1100801	city	Q16567
Q489546	city	Q16567
Q738043	city	Q16567
Q485543	city	Q16567
Q485549	city	Q16567
Q111310	city	Q16567
Q485553	city	Q16567
Q1797768	city	Q16567
Q490144	city	Q16567
Q485646	city	Q16567
Q485628	city	Q16567
Q489599	city	Q16567
Q113875	city	Q16567
Q2002085	city	Q16567
Q5595039	city	Q16567
Q402945	city	Q16567
Q485539	city	Q16567
Q403544	city	Q16567
Q153265	city	Q16567
Q1805202	city	Q16567
Q485582	city	Q16567
Q489591	city	Q16567
Q485577	city	Q16567
Q995793	city	Q28515
Q577536	city	Q28515
Q115324	city	Q28515
Q491017	city	Q28515
Q486440	city	Q28515
Q233892	city	Q28515
Q277017	city	Q28515
Q601166	city	Q28515
Q109761	city	Q28515
Q576244	city	Q28515
Q109526	city	Q28515
Q578314	city	Q28515
Q110510	city	Q28515
Q176907	city	Q28515
Q578328	city	Q28515
Q490972	city	Q28515
Q112512	city	Q28515
Q574316	city	Q28515
Q577853	city	Q28515
Q575596	city	Q28515
Q576648	city	Q28515
Q486535	city	Q28515
Q115332	city	Q28515
Q243007	city	Q28515
Q577352	city	Q28515
Q576162	city	Q28515
Q112488	city	Q28515
Q577973	city	Q28515
Q577638	city	Q28515
Q108798	city	Q28515
Q443852	city	Q28515
Q486530	city	Q28515
Q1497	city	Q28515
Q577939	city	Q28515
Q109518	city	Q28515
Q109756	city	Q28515
Q486507	city	Q28515
Q577909	city	Q28515
Q581096	city	Q28515
Q4915	city	Q28515
Q6246903	city	Q28515
Q110561	city	Q28515
Q378438	city	Q28515
Q5149662	city	Q28515
Q110325	city	Q28515
Q486453	city	Q28515
Q1036763	city	Q28515
Q483942	city	Q28515
Q486431	city	Q28515
Q955764	city	Q28515
Q494560	city	Q28515
Q110606	city	Q28515
Q265079	city	Q28515
Q575379	city	Q28515
Q486495	city	Q28515
Q490966	city	Q28515
Q486444	city	Q28515
Q491470	city	Q28515
Q6694609	city	Q28515
Q494579	city	Q28515
Q506116	city	Q28515
Q486448	city	Q28515
Q389783	city	Q28515
Q309350	city	Q28515
Q373953	city	Q28515
Q558922	city	Q28515
Q488492	city	Q28515
Q575292	city	Q28515
Q113793	city	Q28515
Q331397	city	Q28515
Q113602	city	Q28515
Q2671290	city	Q28515
Q484124	city	Q28515
Q578486	city	Q28515
Q488475	city	Q28515
Q108851	city	Q28515
Q111613	city	Q28515
Q491321	city	Q28515
Q2257594	city	Q28515
Q575518	city	Q28515
Q1191344	city	Q28515
Q484224	city	Q28515
Q111584	city	Q28515
Q575599	city	Q28515
Q669442	city	Q28515
Q110187	city	Q28515
Q486458	city	Q28515
Q575429	city	Q28515
Q40345	city	Q28515
Q156437	city	Q28515
Q576876	city	Q28515
Q624985	city	Q28515
Q897052	city	Q28515
Q2485575	city	Q28515
Q491463	city	Q28515
Q110532	city	Q28515
Q491026	city	Q28515
Q577971	city	Q28515
Q432099	city	Q28515
Q202828	city	Q28515
Q4551377	city	Q28515
Q577802	city	Q28515
Q576279	city	Q28515
Q1023953	city	Q28515
Q1020714	city	Q28515
Q491447	city	Q28515
Q2669015	city	Q28515
Q5244034	city	Q28515
Q1025637	city	Q28515
Q304036	city	Q28515
Q205332	city	Q28515
Q457281	city	Q28515
Q575294	city	Q28515
Q1179603	city	Q28515
Q110516	city	Q28515
Q747179	city	Q28515
Q575526	city	Q28515
Q111400	city	Q28515
Q7432601	city	Q28515
Q577891	city	Q28515
Q2159219	city	Q28515
Q8321	city	Q28515
Q110555	city	Q28515
Q491011	city	Q28515
Q1923761	city	Q28515
Q488553	city	Q28515
Q575426	city	Q28515
Q185609	city	Q28515
Q968621	city	Q28515
Q808937	city	Q28515
Q109626	city	Q28515
Q575126	city	Q28515
Q574912	city	Q28515
Q110417	city	Q28515
Q491021	city	Q28515
Q494485	city	Q28515
Q261380	city	Q28515
Q490986	city	Q28515
Q486486	city	Q28515
Q491032	city	Q28515
Q6537128	city	Q28515
Q575750	city	Q28515
Q568563	city	Q28515
Q575420	city	Q28515
Q494552	city	Q28515
Q2000943	city	Q28515
Q578911	city	Q28515
Q110539	city	Q28515
Q488522	city	Q28515
Q487403	city	Q28515
Q575129	city	Q28515
Q577478	city	Q28515
Q782574	city	Q28515
Q577511	city	Q28515
Q22595	city	Q28515
Q578301	city	Q28515
Q233129	city	Q28515
Q575438	city	Q28515
Q112137	city	Q28515
Q988162	city	Q28515
Q486112	city	Q28515
Q487003	city	Q28515
Q6806876	city	Q28515
Q462184	city	Q28515
Q486517	city	Q28515
Q577964	city	Q28515
Q1537759	city	Q28515
Q111633	city	Q28515
Q575122	city	Q28515
Q1472347	city	Q28515
Q113079	city	Q28515
Q1142073	city	Q28515
Q377023	city	Q28515
Q490994	city	Q28515
Q7380723	city	Q28515
Q491427	city	Q28515
Q6901065	city	Q28515
Q574886	city	Q28515
Q998726	city	Q28515
Q577845	city	Q28515
Q575417	city	Q28515
Q577816	city	Q28515
Q3298337	city	Q28515
Q484273	city	Q28515
Q490989	city	Q28515
Q7895523	city	Q28515
Q491343	city	Q28515
Q490980	city	Q28515
Q2299339	city	Q28515
Q79892	city	Q28515
Q575306	city	Q28515
Q112869	city	Q28515
Q1012017	city	Q28515
Q490999	city	Q28515
Q578496	city	Q28515
Q643284	city	Q28515
Q576219	city	Q28515
Q486499	city	Q28515
Q991162	city	Q28515
Q576152	city	Q28515
Q577674	city	Q28515
Q484263	city	Q28515
Q500645	city	Q28515
Q115337	city	Q28515
Q131252	city	Q28515
Q488505	city	Q28515
Q491035	city	Q28515
Q486471	city	Q28515
Q487322	city	Q28515
Q1007011	city	Q28515
Q6475861	city	Q28515
Q576149	city	Q28515
Q577958	city	Q28515
Q659706	city	Q28515
Q491004	city	Q28515
Q486503	city	Q28515
Q486491	city	Q28515
Q488560	city	Q28515
Q1589523	city	Q28515
Q519349	city	Q28515
Q576691	city	Q28515
Q574878	city	Q28515
Q915866	city	Q28515
Q2187579	city	Q28515
Q111672	city	Q28515
Q575118	city	Q28515
Q165247	city	Q28515
Q578481	city	Q28515
Q28515	city	Q28515
Q576115	city	Q28515
Q486874	city	Q28515
Q500758	city	Q28515
Q486328	city	Q28515
Q578457	city	Q28515
Q429814	city	Q28515
Q577903	city	Q28515
Q111686	city	Q28515
Q576814	city	Q28515
Q1474005	city	Q28515
Q935043	city	Q28515
Q576304	city	Q28515
Q576209	city	Q28515
Q1191401	city	Q28515
Q539292	city	Q28515
Q54096	city	Q1718
Q309948	city	Q1718
Q273263	city	Q1718
Q1650	city	Q1718
Q495414	city	Q43919
Q484330	city	Q43919
Q495393	city	Q43919
Q1140775	city	Q43919
Q495359	city	Q43919
Q484685	city	Q43919
Q3312637	city	Q43919
Q513658	city	Q43919
Q5929270	city	Q43919
Q484391	city	Q43919
Q495382	city	Q43919
Q495368	city	Q43919
Q1771717	city	Q43919
Q484408	city	Q43919
Q484388	city	Q43919
Q495388	city	Q43919
Q484420	city	Q43919
Q1888661	city	Q43919
Q484361	city	Q43919
Q484346	city	Q43919
Q2310768	city	Q43919
Q1848950	city	Q43919
Q303491	city	Q43919
Q861888	city	Q43919
Q2251	city	Q43919
Q253186	city	Q43919
Q766145	city	Q43919
Q495356	city	Q43919
Q484395	city	Q43919
Q272074	city	Q43919
Q484378	city	Q43919
Q535450	city	Q43919
Q495340	city	Q43919
Q2042749	city	Q43919
Q484538	city	Q43919
Q4227955	city	Q43919
Q2691759	city	Q43919
Q484404	city	Q43919
Q450374	city	Q43919
Q484354	city	Q43919
Q968640	city	Q43919
Q506015	city	Q43919
Q1744263	city	Q43919
Q495344	city	Q43919
Q495409	city	Q43919
Q131071	city	Q43919
Q302852	city	Q43919
Q387103	city	Q43919
Q484411	city	Q43919
Q2961794	city	Q43919
Q109665	city	Q43919
Q5061556	city	Q43919
Q484426	city	Q43919
Q484385	city	Q43919
Q450159	city	Q43919
Q484371	city	Q43919
Q1703681	city	Q43919
Q495691	city	Q43919
Q484367	city	Q43919
Q506586	city	Q33518
Q156156	city	Q33518
Q1068072	city	Q33518
Q755736	city	Q33518
Q755663	city	Q33518
Q156213	city	Q33518
Q11103025	city	Q33518
Q128137	city	Q33518
Q755600	city	Q33518
Q174224	city	Q33518
Q33518	city	Q33518
Q756103	city	Q33518
Q7994564	city	Q33518
Q754420	city	Q33518
Q756141	city	Q33518
Q143762	city	Q33518
Q755393	city	Q33518
Q755805	city	Q33518
Q192992	city	Q38733
Q331762	city	Q38733
Q1027662	city	Q38733
Q490734	city	Q38733
Q496737	city	Q38733
Q496664	city	Q38733
Q496656	city	Q38733
Q664874	city	Q38733
Q496700	city	Q38733
Q496607	city	Q38733
Q496758	city	Q38733
Q496589	city	Q38733
Q490750	city	Q38733
Q374772	city	Q38733
Q496558	city	Q38733
Q387978	city	Q38733
Q193230	city	Q38733
Q859686	city	Q38733
Q496693	city	Q38733
Q31091	city	Q38733
Q110212	city	Q38733
Q496764	city	Q38733
Q109503	city	Q38733
Q496596	city	Q38733
Q2262	city	Q38733
Q490344	city	Q38733
Q1861687	city	Q38733
Q490283	city	Q38733
Q193167	city	Q38733
Q496644	city	Q38733
Q2302336	city	Q38733
Q5419	city	Q38733
Q496602	city	Q38733
Q2109528	city	Q28218
Q5628567	city	Q28218
Q2251757	city	Q28218
Q1902531	city	Q28218
Q504318	city	Q28218
Q6694614	city	Q28218
Q1139833	city	Q28218
Q505392	city	Q28218
Q507063	city	Q28218
Q507139	city	Q28218
Q2044239	city	Q28218
Q653358	city	Q28218
Q507153	city	Q28218
Q512993	city	Q28218
Q985351	city	Q28218
Q634396	city	Q28218
Q504450	city	Q28218
Q890366	city	Q28218
Q2944471	city	Q28218
Q1154039	city	Q28218
Q506892	city	Q28218
Q209223	city	Q28218
Q509745	city	Q28218
Q504345	city	Q28218
Q172430	city	Q28218
Q2608168	city	Q28218
Q14691855	city	Q28218
Q2279189	city	Q28218
Q512832	city	Q28218
Q1474157	city	Q28218
Q2185881	city	Q28218
Q2355094	city	Q28218
Q5593620	city	Q28218
Q1014171	city	Q28218
Q1872239	city	Q28218
Q369211	city	Q28218
Q1021427	city	Q28218
Q504435	city	Q28218
Q727095	city	Q28218
Q156032	city	Q28218
Q504350	city	Q28218
Q1014071	city	Q28218
Q498042	city	Q28218
Q1552010	city	Q28218
Q337402	city	Q28218
Q387555	city	Q28218
Q503870	city	Q28218
Q2453090	city	Q28218
Q507609	city	Q28218
Q647142	city	Q28218
Q503864	city	Q28218
Q507629	city	Q28218
Q506907	city	Q28218
Q507000	city	Q28218
Q498276	city	Q28218
Q11884307	city	Q28218
Q2041614	city	Q28218
Q503883	city	Q28218
Q506951	city	Q28218
Q17008973	city	Q28218
Q512911	city	Q28218
Q2001231	city	Q28218
Q2618607	city	Q28218
Q116485	city	Q28218
Q5059076	city	Q28218
Q615998	city	Q28218
Q505282	city	Q28218
Q504312	city	Q28218
Q774914	city	Q28218
Q383739	city	Q28218
Q507016	city	Q28218
Q306328	city	Q28218
Q120080	city	Q28218
Q509895	city	Q28218
Q2461688	city	Q28218
Q51733	city	Q28218
Q2194112	city	Q28218
Q7682986	city	Q28218
Q1153939	city	Q28218
Q504284	city	Q28218
Q177562	city	Q28218
Q506921	city	Q28218
Q924309	city	Q28218
Q504415	city	Q28218
Q506937	city	Q28218
Q2496481	city	Q28218
Q504391	city	Q28218
Q991464	city	Q28218
Q1363163	city	Q28218
Q986205	city	Q28218
Q497964	city	Q28218
Q5006405	city	Q28218
Q2032769	city	Q28218
Q3240452	city	Q28218
Q390087	city	Q28218
Q504379	city	Q28218
Q2562831	city	Q28218
Q505505	city	Q28218
Q507078	city	Q28218
Q3287287	city	Q28218
Q2800331	city	Q28218
Q507126	city	Q28218
Q1125008	city	Q28218
Q2651543	city	Q28218
Q54099	city	Q28218
Q507088	city	Q28218
Q507099	city	Q28218
Q491949	city	Q28218
Q2565238	city	Q28218
Q504375	city	Q28218
Q972748	city	Q28218
Q650810	city	Q28218
Q512868	city	Q28218
Q1193547	city	Q28218
Q2276773	city	Q28218
Q513078	city	Q28218
Q507047	city	Q28218
Q4359655	city	Q28218
Q1990254	city	Q28218
Q1022973	city	Q28218
Q2007973	city	Q28218
Q126661	city	Q28218
Q507180	city	Q28218
Q1013317	city	Q28218
Q2619346	city	Q28218
Q682639	city	Q28218
Q2207719	city	Q28218
Q3139514	city	Q28218
Q847676	city	Q44564
Q1160000	city	Q44564
Q7986925	city	Q44564
Q501312	city	Q44564
Q495151	city	Q44564
Q490937	city	Q44564
Q501800	city	Q44564
Q494203	city	Q44564
Q1470734	city	Q44564
Q1068697	city	Q44564
Q115376	city	Q44564
Q504842	city	Q44564
Q494598	city	Q44564
Q490953	city	Q44564
Q501823	city	Q44564
Q494223	city	Q44564
Q501331	city	Q44564
Q4915	city	Q44564
Q501804	city	Q44564
Q490958	city	Q44564
Q490946	city	Q44564
Q504850	city	Q44564
Q16894946	city	Q44564
Q493599	city	Q44564
Q501835	city	Q44564
Q370310	city	Q44564
Q918867	city	Q44564
Q490925	city	Q44564
Q495160	city	Q44564
Q501815	city	Q44564
Q377952	city	Q44564
Q501827	city	Q44564
Q494081	city	Q44564
Q501843	city	Q44564
Q504830	city	Q44564
Q495126	city	Q44564
Q643780	city	Q44564
Q504863	city	Q44564
Q501555	city	Q44564
Q501830	city	Q44564
Q504846	city	Q44564
Q493610	city	Q44564
Q501819	city	Q44564
Q501809	city	Q44564
Q490949	city	Q44564
Q495157	city	Q44564
Q501858	city	Q44564
Q1496014	city	Q44564
Q6841472	city	Q44564
Q504856	city	Q44564
Q847673	city	Q44564
Q283657	city	Q44564
Q488769	city	Q44564
Q490903	city	Q44564
Q488649	city	Q44564
Q952823	city	Q44564
Q494129	city	Q44564
Q179444	city	Q44564
Q495147	city	Q44564
Q118743	city	Q44564
Q495175	city	Q44564
Q495137	city	Q44564
Q501839	city	Q44564
Q1379613	city	Q44564
Q511095	city	Q44564
Q2566683	city	Q44564
Q510407	city	Q44564
Q504838	city	Q44564
Q494138	city	Q44564
Q511069	city	Q44564
Q502496	city	Q41087
Q507957	city	Q41087
Q511834	city	Q41087
Q507966	city	Q41087
Q508254	city	Q41087
Q506300	city	Q41087
Q496197	city	Q41087
Q952823	city	Q41087
Q504397	city	Q41087
Q370750	city	Q41087
Q7895938	city	Q41087
Q430328	city	Q41087
Q511788	city	Q41087
Q511747	city	Q41087
Q497817	city	Q41087
Q7851033	city	Q41087
Q508247	city	Q41087
Q1137567	city	Q41087
Q507743	city	Q41087
Q504360	city	Q41087
Q504366	city	Q41087
Q118127	city	Q41087
Q1191202	city	Q41087
Q506220	city	Q41087
Q511713	city	Q41087
Q1476484	city	Q41087
Q507798	city	Q41087
Q880447	city	Q41087
Q509926	city	Q41087
Q507782	city	Q41087
Q502257	city	Q41087
Q509910	city	Q41087
Q504403	city	Q41087
Q502483	city	Q41087
Q504410	city	Q41087
Q1050078	city	Q41087
Q506235	city	Q41087
Q904219	city	Q41087
Q505422	city	Q41087
Q497861	city	Q41087
Q507943	city	Q41087
Q506682	city	Q41087
Q1584933	city	Q41087
Q5312901	city	Q41087
Q507881	city	Q41087
Q11979088	city	Q41087
Q497938	city	Q41087
Q506215	city	Q41087
Q507722	city	Q41087
Q620640	city	Q41087
Q508220	city	Q41087
Q166755	city	Q41087
Q478303	city	Q41087
Q497908	city	Q41087
Q4568893	city	Q41087
Q497284	city	Q41087
Q1775363	city	Q41087
Q1321380	city	Q41087
Q507770	city	Q41087
Q4884322	city	Q41087
Q502503	city	Q41087
Q502875	city	Q41087
Q1783178	city	Q41087
Q497830	city	Q41087
Q511849	city	Q41087
Q502521	city	Q41087
Q511691	city	Q41087
Q192334	city	Q41087
Q504329	city	Q41087
Q428298	city	Q41087
Q507757	city	Q41087
Q509813	city	Q41087
Q14707960	city	Q41087
Q497804	city	Q41087
Q504428	city	Q41087
Q168751	city	Q41087
Q502880	city	Q41087
Q504335	city	Q41087
Q392667	city	Q41087
Q507733	city	Q41087
Q506569	city	Q41087
Q502487	city	Q41087
Q491626	city	Q41087
Q529958	city	Q41087
Q295787	city	Q41087
Q1277776	city	Q41087
Q508209	city	Q41087
Q1518804	city	Q41087
Q6859396	city	Q25280
Q1470734	city	Q25280
Q501256	city	Q25280
Q1185886	city	Q25280
Q495640	city	Q25280
Q1186994	city	Q25280
Q2471216	city	Q25280
Q7698689	city	Q25280
Q1132229	city	Q25280
Q488683	city	Q25280
Q490914	city	Q25280
Q1021562	city	Q25280
Q494146	city	Q25280
Q3444141	city	Q25280
Q579611	city	Q25280
Q603034	city	Q25280
Q5363873	city	Q25280
Q605122	city	Q25280
Q143762	city	Q25280
Q635078	city	Q25280
Q501298	city	Q25280
Q6781819	city	Q25280
Q781165	city	Q25280
Q1182077	city	Q25280
Q494086	city	Q25280
Q494142	city	Q25280
Q490920	city	Q25280
Q3551662	city	Q25280
Q495603	city	Q25280
Q1183907	city	Q25280
Q7986999	city	Q25280
Q494236	city	Q25280
Q488687	city	Q25280
Q494211	city	Q25280
Q494077	city	Q25280
Q1016263	city	Q25280
Q234061	city	Q25280
Q1186203	city	Q25280
Q1187047	city	Q25280
Q7971641	city	Q25280
Q1183878	city	Q25280
Q739627	city	Q25280
Q501292	city	Q25280
Q7401271	city	Q25280
Q1132588	city	Q25280
Q494098	city	Q25280
Q488690	city	Q25280
Q804572	city	Q25280
Q488698	city	Q25280
Q494174	city	Q25280
Q1210045	city	Q25280
Q495687	city	Q25280
Q490908	city	Q25280
Q5338120	city	Q25280
Q1329269	city	Q25280
Q494207	city	Q25280
Q1185890	city	Q25280
Q494161	city	Q25280
Q497200	city	Q25280
Q9042825	city	Q25280
Q497216	city	Q25280
Q1340908	city	Q25280
Q680643	city	Q25280
Q664881	city	Q25280
Q11103025	city	Q25280
Q1133576	city	Q25280
Q1131767	city	Q25280
Q1592074	city	Q25280
Q494186	city	Q25280
Q1141373	city	Q25280
Q488672	city	Q25280
Q1068697	city	Q25280
Q494164	city	Q25280
Q494093	city	Q25280
Q4915	city	Q25280
Q1183952	city	Q25280
Q5021159	city	Q25280
Q142369	city	Q25280
Q494198	city	Q25280
Q1187809	city	Q25280
Q1126267	city	Q25280
Q501270	city	Q25280
Q501306	city	Q25280
Q495588	city	Q25280
Q378527	city	Q25280
Q4570781	city	Q25280
Q1010225	city	Q25280
Q3443893	city	Q25280
Q27840	city	Q25280
Q643780	city	Q25280
Q351865	city	Q25280
Q190080	city	Q25280
Q156291	city	Q25280
Q6410887	city	Q25280
Q494117	city	Q25280
Q1475413	city	Q25280
Q494192	city	Q25280
Q5179361	city	Q25280
Q494241	city	Q25280
Q5364334	city	Q25280
Q1132763	city	Q25280
Q1130247	city	Q25280
Q583018	city	Q25280
Q1184093	city	Q25280
Q1181835	city	Q25280
Q7976332	city	Q25280
Q501350	city	Q25280
Q5090207	city	Q25280
Q495613	city	Q25280
Q1187804	city	Q25280
Q1133990	city	Q25280
Q3444679	city	Q25280
Q495649	city	Q25280
Q495633	city	Q25280
Q7067303	city	Q25280
Q488693	city	Q25280
Q5316090	city	Q25280
Q5455008	city	Q25280
Q1951942	city	Q25280
Q1378320	city	Q25280
Q495677	city	Q25280
Q368045	city	Q25280
Q1181862	city	Q25280
Q494104	city	Q25280
Q1010232	city	Q25280
Q372248	city	Q25280
Q1184891	city	Q25280
Q494134	city	Q25280
Q490077	city	Q25280
Q74343	city	Q25280
Q235034	city	Q25280
Q912465	city	Q25280
Q494248	city	Q25280
Q488679	city	Q25280
Q1132991	city	Q25280
Q1184086	city	Q25280
Q1180973	city	Q25280
Q1181695	city	Q25280
Q787466	city	Q25280
Q495662	city	Q25280
Q494233	city	Q25280
Q3891562	city	Q25280
Q643516	city	Q25280
Q501248	city	Q25280
Q49117	city	Q25280
Q7896088	city	Q25280
Q1298091	city	Q25280
Q1520129	city	Q25280
Q27844	city	Q25280
Q1133437	city	Q25280
Q5521430	city	Q25280
Q1182014	city	Q25280
Q495595	city	Q25280
Q494121	city	Q25280
Q495658	city	Q25280
Q813500	city	Q25280
Q1186680	city	Q25280
Q4062566	city	Q25280
Q3106542	city	Q25280
Q494152	city	Q25280
Q4928377	city	Q25280
Q1133193	city	Q25280
Q995265	city	Q25280
Q5611381	city	Q25280
Q1466001	city	Q25280
Q7896136	city	Q25280
Q494167	city	Q25280
Q494156	city	Q25280
Q7930883	city	Q25280
Q1025791	city	Q25280
Q1185930	city	Q25280
Q501340	city	Q25280
Q494254	city	Q25280
Q496900	city	Q25280
Q7984552	city	Q25280
Q622137	city	Q25280
Q10751864	city	Q25280
Q1422687	city	Q25280
Q1181684	city	Q25280
Q1184965	city	Q25280
Q1893448	city	Q25280
Q2495907	city	Q25280
Q1131994	city	Q25280
Q6313025	city	Q25280
Q3443325	city	Q25280
Q495645	city	Q25280
Q476488	city	Q25280
Q1010236	city	Q25280
Q1661325	city	Q25280
Q1184834	city	Q25280
Q5683883	city	Q25280
Q7994564	city	Q25280
Q495899	city	Q34863
Q495951	city	Q34863
Q495930	city	Q34863
Q490796	city	Q34863
Q156032	city	Q34863
Q640652	city	Q34863
Q1848657	city	Q34863
Q495873	city	Q34863
Q346959	city	Q34863
Q3124195	city	Q34863
Q943521	city	Q34863
Q8319	city	Q34863
Q489481	city	Q34863
Q495912	city	Q34863
Q495845	city	Q34863
Q495479	city	Q34863
Q3121493	city	Q34863
Q486651	city	Q34863
Q486614	city	Q34863
Q495944	city	Q34863
Q491633	city	Q34863
Q866829	city	Q34863
Q484596	city	Q34863
Q524233	city	Q34863
Q749718	city	Q34863
Q495880	city	Q34863
Q495564	city	Q34863
Q3275637	city	Q34863
Q490690	city	Q34863
Q485042	city	Q34863
Q491590	city	Q34863
Q489471	city	Q34863
Q484752	city	Q34863
Q367774	city	Q34863
Q497854	city	Q34863
Q7896011	city	Q34863
Q484590	city	Q34863
Q7570171	city	Q34863
Q495867	city	Q34863
Q484616	city	Q34863
Q489318	city	Q34863
Q597753	city	Q34863
Q490745	city	Q34863
Q485017	city	Q34863
Q484600	city	Q34863
Q491616	city	Q34863
Q484729	city	Q34863
Q489457	city	Q34863
Q485038	city	Q34863
Q495851	city	Q34863
Q1092055	city	Q34863
Q495937	city	Q34863
Q502959	city	Q6346
Q493443	city	Q6346
Q3433802	city	Q6346
Q499551	city	Q6346
Q512686	city	Q6346
Q24645	city	Q6346
Q304289	city	Q6346
Q506525	city	Q6346
Q505333	city	Q6346
Q506552	city	Q6346
Q506479	city	Q6346
Q512965	city	Q6346
Q499542	city	Q6346
Q178848	city	Q6346
Q509798	city	Q6346
Q1124916	city	Q6346
Q24464	city	Q6346
Q5649375	city	Q6346
Q506779	city	Q6346
Q506145	city	Q6346
Q666128	city	Q6346
Q164603	city	Q6346
Q506531	city	Q6346
Q506168	city	Q6346
Q507459	city	Q6346
Q506172	city	Q6346
Q506489	city	Q6346
Q498613	city	Q6346
Q507472	city	Q6346
Q506563	city	Q6346
Q505272	city	Q6346
Q512767	city	Q6346
Q506151	city	Q6346
Q506727	city	Q6346
Q1079140	city	Q6346
Q506376	city	Q6346
Q502933	city	Q6346
Q506557	city	Q6346
Q507353	city	Q6346
Q507399	city	Q6346
Q5326502	city	Q6346
Q805122	city	Q6346
Q6023633	city	Q6346
Q506157	city	Q6346
Q220005	city	Q6346
Q509757	city	Q6346
Q504422	city	Q6346
Q504385	city	Q6346
Q4915	city	Q6346
Q512885	city	Q6346
Q431826	city	Q6346
Q512937	city	Q6346
Q504445	city	Q6346
Q540907	city	Q6346
Q506547	city	Q6346
Q512799	city	Q6346
Q507414	city	Q6346
Q507281	city	Q6346
Q7401824	city	Q6346
Q505276	city	Q6346
Q351808	city	Q6346
Q512699	city	Q6346
Q7063457	city	Q6346
Q6023698	city	Q6346
Q506506	city	Q6346
Q503093	city	Q6346
Q4026988	city	Q6346
Q217741	city	Q6346
Q24646	city	Q6346
Q426746	city	Q6346
Q7958639	city	Q6346
Q505354	city	Q6346
Q509861	city	Q6346
Q507321	city	Q6346
Q506538	city	Q6346
Q506512	city	Q6346
Q504441	city	Q6346
Q507427	city	Q6346
Q186047	city	Q6346
Q512259	city	Q6346
Q304671	city	Q6346
Q503478	city	Q6346
Q1179599	city	Q6346
Q7401849	city	Q6346
Q1139839	city	Q6346
Q507294	city	Q6346
Q506574	city	Q6346
Q505305	city	Q6346
Q506772	city	Q6346
Q506230	city	Q6346
Q506498	city	Q6346
Q512746	city	Q6346
Q509092	city	Q6346
Q507365	city	Q6346
Q513092	city	Q6346
Q507336	city	Q6346
Q506181	city	Q6346
Q509848	city	Q6346
Q499547	city	Q6346
Q506722	city	Q6346
Q498034	city	Q28180
Q346925	city	Q28180
Q484767	city	Q28180
Q484748	city	Q28180
Q1497	city	Q28180
Q484304	city	Q28180
Q635118	city	Q28180
Q486091	city	Q28180
Q484740	city	Q28180
Q496962	city	Q28180
Q484501	city	Q28180
Q489880	city	Q28180
Q484582	city	Q28180
Q1619907	city	Q28180
Q7895840	city	Q28180
Q484300	city	Q28180
Q484776	city	Q28180
Q484452	city	Q28180
Q484474	city	Q28180
Q489891	city	Q28180
Q485204	city	Q28180
Q485213	city	Q28180
Q489779	city	Q28180
Q1249251	city	Q28180
Q489901	city	Q28180
Q497646	city	Q28180
Q7060123	city	Q28180
Q490134	city	Q28180
Q7895252	city	Q28180
Q489877	city	Q28180
Q489993	city	Q28180
Q496440	city	Q28180
Q485224	city	Q28180
Q484457	city	Q28180
Q5354197	city	Q28180
Q1813795	city	Q28180
Q1108022	city	Q28180
Q490357	city	Q28180
Q490009	city	Q28180
Q7401683	city	Q28180
Q940690	city	Q28180
Q491406	city	Q28180
Q4568903	city	Q28180
Q489897	city	Q28180
Q496980	city	Q28180
Q484624	city	Q28180
Q490383	city	Q28180
Q489793	city	Q28180
Q496453	city	Q28180
Q497602	city	Q28180
Q484505	city	Q28180
Q1465303	city	Q28180
Q489873	city	Q28180
Q489869	city	Q28180
Q490121	city	Q28180
Q497642	city	Q28180
Q734774	city	Q28180
Q485235	city	Q28180
Q484620	city	Q28180
Q489855	city	Q28180
Q5617088	city	Q28180
Q484629	city	Q28180
Q5594651	city	Q28180
Q7589599	city	Q28180
Q3307837	city	Q28180
Q127238	city	Q28180
Q34589	city	Q3766
Q1138229	city	Q42735
Q483990	city	Q42735
Q113773	city	Q42735
Q156306	city	Q42735
Q484159	city	Q42735
Q484150	city	Q42735
Q483958	city	Q42735
Q108861	city	Q42735
Q255079	city	Q42735
Q7348679	city	Q42735
Q493222	city	Q42735
Q493236	city	Q42735
Q1537303	city	Q42735
Q597236	city	Q42735
Q111540	city	Q42735
Q156216	city	Q42735
Q110403	city	Q42735
Q485305	city	Q42735
Q483954	city	Q42735
Q156623	city	Q42735
Q484015	city	Q42735
Q2251	city	Q42735
Q118716	city	Q42735
Q156287	city	Q42735
Q156276	city	Q42735
Q484146	city	Q42735
Q156220	city	Q42735
Q820502	city	Q42735
Q156629	city	Q42735
Q111904	city	Q42735
Q493243	city	Q42735
Q156459	city	Q42735
Q615873	city	Q42735
Q384737	city	Q42735
Q219563	city	Q42735
Q272074	city	Q42735
Q484153	city	Q42735
Q483950	city	Q42735
Q5582145	city	Q42735
Q485276	city	Q42735
Q304791	city	Q42735
Q829832	city	Q42735
Q1861254	city	Q42735
Q113892	city	Q42735
Q7996607	city	Q42735
Q493228	city	Q42735
Q1054064	city	Q42735
Q281681	city	Q42735
Q486281	city	Q28848
Q111831	city	Q28848
Q110340	city	Q28848
Q486191	city	Q28848
Q491281	city	Q28848
Q1507416	city	Q28848
Q491208	city	Q28848
Q284439	city	Q28848
Q486255	city	Q28848
Q490652	city	Q28848
Q490423	city	Q28848
Q5146820	city	Q28848
Q485430	city	Q28848
Q486243	city	Q28848
Q486187	city	Q28848
Q1136874	city	Q28848
Q491288	city	Q28848
Q491196	city	Q28848
Q486238	city	Q28848
Q490450	city	Q28848
Q372648	city	Q28848
Q491152	city	Q28848
Q487686	city	Q28848
Q491178	city	Q28848
Q490454	city	Q28848
Q3445045	city	Q28848
Q491256	city	Q28848
Q486248	city	Q28848
Q1136502	city	Q28848
Q113056	city	Q28848
Q486270	city	Q28848
Q109986	city	Q28848
Q110495	city	Q28848
Q486215	city	Q28848
Q490432	city	Q28848
Q490443	city	Q28848
Q485656	city	Q28848
Q113354	city	Q28848
Q491148	city	Q28848
Q490409	city	Q28848
Q491229	city	Q28848
Q491157	city	Q28848
Q491201	city	Q28848
Q1041671	city	Q28848
Q491144	city	Q28848
Q111549	city	Q28848
Q490414	city	Q28848
Q486218	city	Q28848
Q3233786	city	Q28848
Q490436	city	Q28848
Q486265	city	Q28848
Q486229	city	Q28848
Q485370	city	Q28848
Q486305	city	Q28848
Q485509	city	Q28848
Q486207	city	Q28848
Q485408	city	Q28848
Q180785	city	Q28848
Q110684	city	Q28848
Q188275	city	Q28848
Q490420	city	Q28848
Q486301	city	Q28848
Q113275	city	Q28848
Q491184	city	Q28848
Q490390	city	Q28848
Q1164229	city	Q28848
Q109846	city	Q28848
Q486313	city	Q28848
Q497482	city	Q28848
Q1937387	city	Q28848
Q485412	city	Q28848
Q5621541	city	Q28848
Q491160	city	Q28848
Q491272	city	Q28848
Q109851	city	Q28848
Q113255	city	Q28848
Q486198	city	Q28848
Q491292	city	Q28848
Q491170	city	Q28848
Q760516	city	Q28848
Q111421	city	Q28848
Q109981	city	Q28848
Q110491	city	Q28848
Q491173	city	Q28848
Q497984	city	Q28848
Q490446	city	Q28848
Q110900	city	Q28848
Q156619	city	Q28848
Q842938	city	Q28848
Q113333	city	Q28848
Q486288	city	Q28848
Q486261	city	Q28848
Q2212976	city	Q28848
Q1515763	city	Q28848
Q7895798	city	Q28848
Q111566	city	Q28848
Q486309	city	Q28848
Q111694	city	Q28848
Q2495874	city	Q28848
Q490427	city	Q28848
Q491214	city	Q28848
Q4874603	city	Q16559
Q26601	city	Q16559
Q1311379	city	Q16559
Q484183	city	Q16559
Q26762	city	Q16559
Q6842319	city	Q16559
Q2393647	city	Q16559
Q812573	city	Q16559
Q1813761	city	Q16559
Q110412	city	Q16559
Q1495387	city	Q16559
Q26610	city	Q16559
Q112603	city	Q16559
Q85285	city	Q16559
Q27018	city	Q16559
Q26598	city	Q16559
Q111374	city	Q16559
Q2407584	city	Q16559
Q112686	city	Q16559
Q110130	city	Q16559
Q110755	city	Q16559
Q484542	city	Q16559
Q921264	city	Q16559
Q27051	city	Q16559
Q113132	city	Q16559
Q26719	city	Q16559
Q108494	city	Q16559
Q108386	city	Q16559
Q113962	city	Q16559
Q1356561	city	Q16559
Q2302280	city	Q16559
Q115433	city	Q16559
Q1781394	city	Q16559
Q485910	city	Q16559
Q483893	city	Q16559
Q1230739	city	Q16559
Q3551493	city	Q16559
Q1422594	city	Q16559
Q483916	city	Q16559
Q26676	city	Q16559
Q110904	city	Q16559
Q109785	city	Q16559
Q109616	city	Q16559
Q110486	city	Q16559
Q27009	city	Q16559
Q536709	city	Q16559
Q26895	city	Q16559
Q108428	city	Q16559
Q114503	city	Q16559
Q626591	city	Q16559
Q111753	city	Q16559
Q597753	city	Q16559
Q108612	city	Q16559
Q483895	city	Q16559
Q1536258	city	Q16559
Q7568638	city	Q16559
Q110773	city	Q16559
Q160636	city	Q16559
Q109636	city	Q16559
Q26730	city	Q16559
Q7895499	city	Q16559
Q49212	city	Q16559
Q26528	city	Q16559
Q2892284	city	Q16559
Q27238	city	Q16559
Q26885	city	Q16559
Q109204	city	Q16559
Q1932075	city	Q16559
Q7571391	city	Q16559
Q112793	city	Q16559
Q27021	city	Q16559
Q3358102	city	Q16559
Q1552614	city	Q16559
Q183170	city	Q16559
Q110257	city	Q16559
Q860527	city	Q16559
Q111729	city	Q16559
Q109150	city	Q16559
Q7860053	city	Q16559
Q27024	city	Q16559
Q113396	city	Q16559
Q112086	city	Q16559
Q156471	city	Q16559
Q156032	city	Q16559
Q109457	city	Q16559
Q7708205	city	Q16559
Q847785	city	Q16559
Q7590449	city	Q16559
Q115428	city	Q16559
Q842909	city	Q16559
Q7707478	city	Q16559
Q1805145	city	Q16559
Q108784	city	Q16559
Q1644904	city	Q16559
Q109265	city	Q16559
Q26883	city	Q16559
Q26616	city	Q16559
Q490287	city	Q16559
Q109160	city	Q16559
Q110384	city	Q16559
Q109275	city	Q16559
Q16861	city	Q16559
Q156444	city	Q16559
Q111168	city	Q16559
Q26756	city	Q16559
Q5916417	city	Q16559
Q903306	city	Q16559
Q113293	city	Q16559
Q111316	city	Q16559
Q1472358	city	Q16559
Q4823037	city	Q16559
Q26519	city	Q16559
Q108391	city	Q16559
Q111593	city	Q16559
Q26506	city	Q16559
Q27034	city	Q16559
Q156278	city	Q16559
Q111174	city	Q16559
Q111622	city	Q16559
Q26587	city	Q16559
Q113843	city	Q16559
Q3306469	city	Q16559
Q111790	city	Q16559
Q2344683	city	Q16559
Q156496	city	Q16559
Q108842	city	Q16559
Q7590446	city	Q16559
Q110336	city	Q16559
Q1423756	city	Q16559
Q26716	city	Q16559
Q110779	city	Q16559
Q108436	city	Q16559
Q2197052	city	Q18013
Q2219578	city	Q18013
Q10664609	city	Q18013
Q846183	city	Q18013
Q6694579	city	Q18013
Q1026941	city	Q18013
Q1265	city	Q18013
Q41506	city	Q18013
Q1346110	city	Q18013
Q7571428	city	Q18013
Q2030974	city	Q18013
Q5350875	city	Q18013
Q1161673	city	Q18013
Q7401829	city	Q18013
Q7227384	city	Q18013
Q1026868	city	Q18013
Q1515048	city	Q18013
Q129421	city	Q18013
Q1026919	city	Q18013
Q630226	city	Q18013
Q1413558	city	Q18013
Q1026846	city	Q18013
Q184355	city	Q18013
Q968640	city	Q18013
Q1535751	city	Q18013
Q7414911	city	Q18013
Q1256981	city	Q18013
Q12236173	city	Q18013
Q262663	city	Q18013
Q2241223	city	Q18013
Q3577853	city	Q18013
Q1568237	city	Q18013
Q4583636	city	Q18013
Q751347	city	Q18013
Q7171667	city	Q18013
Q1805085	city	Q18013
Q622664	city	Q18013
Q1126662	city	Q18013
Q1026939	city	Q18013
Q20714910	city	Q18013
Q7419339	city	Q18013
Q5126318	city	Q18013
Q3444458	city	Q18013
Q4614	city	Q18013
Q913861	city	Q18013
Q815352	city	Q18013
Q1786078	city	Q18013
Q1800541	city	Q18013
Q7208069	city	Q18013
Q1075148	city	Q18013
Q1583249	city	Q18013
Q624571	city	Q18013
Q1761189	city	Q18013
Q13645072	city	Q18013
Q1026912	city	Q18013
Q1033692	city	Q18013
Q174710	city	Q18013
Q7996346	city	Q18013
Q7562179	city	Q18013
Q1887879	city	Q18013
Q184478	city	Q18013
Q2974556	city	Q18013
Q1534879	city	Q18013
Q7141532	city	Q18013
Q1026926	city	Q18013
Q25240870	city	Q18013
Q1185037	city	Q18013
Q604029	city	Q18013
Q168756	city	Q18013
Q6893723	city	Q18013
Q2319307	city	Q18013
Q864450	city	Q18013
Q50015	city	Q18013
Q7125302	city	Q18013
Q1760800	city	Q18013
Q7866339	city	Q18013
Q117876	city	Q18013
Q189429	city	Q18013
Q498526	city	Q18013
Q10863001	city	Q18013
Q638859	city	Q18013
Q2331044	city	Q18013
Q8012895	city	Q18013
Q7108771	city	Q18013
Q624560	city	Q18013
Q1577959	city	Q18013
Q7414270	city	Q18013
Q3048862	city	Q18013
Q181973	city	Q18013
Q26777	city	Q18013
Q1061104	city	Q18013
Q3272069	city	Q18013
Q161562	city	Q18013
Q1669849	city	Q18013
Q376640	city	Q41057
Q376069	city	Q41057
Q374979	city	Q41057
Q943521	city	Q41057
Q4905162	city	Q41057
Q8319	city	Q41057
Q375125	city	Q41057
Q376004	city	Q41057
Q374404	city	Q41057
Q1092055	city	Q41057
Q376086	city	Q41057
Q375991	city	Q41057
Q376947	city	Q41057
Q374765	city	Q41057
Q376113	city	Q41057
Q376546	city	Q41057
Q377148	city	Q41057
Q376106	city	Q41057
Q376096	city	Q41057
Q377234	city	Q41057
Q375143	city	Q41057
Q376446	city	Q41057
Q374442	city	Q41057
Q376053	city	Q41057
Q374422	city	Q41057
Q284508	city	Q41057
Q374495	city	Q41057
Q376136	city	Q41057
Q375019	city	Q41057
Q376129	city	Q41057
Q377046	city	Q41057
Q376330	city	Q41057
Q375608	city	Q41057
Q112220	city	Q41057
Q376562	city	Q41057
Q375108	city	Q41057
Q1339396	city	Q41057
Q374484	city	Q41057
Q376505	city	Q41057
Q376729	city	Q41057
Q379657	city	Q41057
Q374382	city	Q41057
Q376059	city	Q41057
Q376576	city	Q41057
Q376120	city	Q41057
Q1367638	city	Q41057
Q7895581	city	Q41057
Q375008	city	Q41057
Q377011	city	Q41057
Q673908	city	Q41057
Q376592	city	Q41057
Q376616	city	Q41057
Q376353	city	Q41057
Q376175	city	Q41057
Q374410	city	Q41057
Q374547	city	Q41057
Q374527	city	Q41057
Q257334	city	Q41057
Q376464	city	Q41057
Q177627	city	Q41057
Q374989	city	Q41057
Q4887341	city	Q41057
Q496176	city	Q28260
Q673908	city	Q28260
Q490710	city	Q28260
Q484488	city	Q28260
Q1755015	city	Q28260
Q490740	city	Q28260
Q4905162	city	Q28260
Q492310	city	Q28260
Q502511	city	Q28260
Q484470	city	Q28260
Q490695	city	Q28260
Q490671	city	Q28260
Q502569	city	Q28260
Q496115	city	Q28260
Q496091	city	Q28260
Q203049	city	Q28260
Q5419	city	Q28260
Q495834	city	Q28260
Q490769	city	Q28260
Q495965	city	Q28260
Q484239	city	Q28260
Q113041	city	Q28260
Q156500	city	Q28260
Q507266	city	Q28260
Q490703	city	Q28260
Q484279	city	Q28260
Q496086	city	Q28260
Q770544	city	Q28260
Q484530	city	Q28260
Q655754	city	Q28260
Q496070	city	Q28260
Q496139	city	Q28260
Q63771	city	Q28237
Q74633	city	Q28237
Q491868	city	Q28237
Q82605	city	Q28237
Q82510	city	Q28237
Q502722	city	Q28237
Q250205	city	Q28237
Q507169	city	Q28237
Q32348	city	Q28237
Q94669	city	Q28237
Q167565	city	Q28237
Q490642	city	Q28237
Q498020	city	Q28237
Q94673	city	Q28237
Q486043	city	Q28237
Q167580	city	Q28237
Q502719	city	Q28237
Q82499	city	Q28237
Q270222	city	Q28237
Q45441	city	Q28237
Q167589	city	Q28237
Q497737	city	Q28237
Q497702	city	Q28237
Q1546191	city	Q28237
Q230492	city	Q28237
Q497999	city	Q28237
Q497695	city	Q28237
Q195658	city	Q28237
Q195664	city	Q28237
Q2475371	city	Q28237
Q782116	city	Q28237
Q486210	city	Q28237
Q115480	city	Q28237
Q491889	city	Q28237
Q112993	city	Q28237
Q63951	city	Q28237
Q137509	city	Q28237
Q6350383	city	Q28237
Q45438	city	Q28237
Q502732	city	Q28237
Q318435	city	Q28237
Q1472315	city	Q28237
Q74686	city	Q28237
Q6918618	city	Q28237
Q490807	city	Q28237
Q490656	city	Q28237
Q502729	city	Q28237
Q3433802	city	Q28237
Q502549	city	Q28237
Q3433787	city	Q28237
Q82367	city	Q28237
Q2831920	city	Q28237
Q926619	city	Q28237
Q133853	city	Q28237
Q624970	city	Q28237
Q74628	city	Q28237
Q506975	city	Q28237
Q1320232	city	Q28237
Q490647	city	Q28237
Q137562	city	Q28237
Q115463	city	Q28237
Q94663	city	Q28237
Q115273	city	Q28237
Q491882	city	Q28237
Q133854	city	Q28237
Q502712	city	Q28237
Q167656	city	Q28237
Q940488	city	Q28237
Q349055	city	Q28237
Q137916	city	Q28237
Q911830	city	Q28237
Q74661	city	Q28237
Q133857	city	Q28237
Q74290	city	Q28237
Q63719	city	Q28237
Q502560	city	Q28237
Q63958	city	Q28237
Q133860	city	Q28237
Q167583	city	Q28237
Q7976643	city	Q28237
Q498155	city	Q28237
Q82505	city	Q28237
Q137516	city	Q28237
Q5763774	city	Q28237
Q502727	city	Q28237
Q109176	city	Q28237
Q502543	city	Q28237
Q82603	city	Q28237
Q1407897	city	Q28237
Q486293	city	Q28237
Q490813	city	Q28237
Q12432	city	Q28237
Q491121	city	Q28237
Q63718	city	Q28237
Q491140	city	Q28237
Q498024	city	Q28237
Q491857	city	Q28237
Q497728	city	Q28237
Q74704	city	Q28237
Q506987	city	Q28237
Q491129	city	Q28237
Q63953	city	Q28237
Q1472663	city	Q29364
Q502739	city	Q29364
Q111254	city	Q29364
Q501051	city	Q29364
Q496292	city	Q29364
Q112271	city	Q29364
Q1682329	city	Q29364
Q137828	city	Q29364
Q495738	city	Q29364
Q108832	city	Q29364
Q488847	city	Q29364
Q503329	city	Q29364
Q6381586	city	Q29364
Q501060	city	Q29364
Q502737	city	Q29364
Q13572981	city	Q29364
Q503461	city	Q29364
Q1817686	city	Q29364
Q949766	city	Q29364
Q487744	city	Q29364
Q503877	city	Q29364
Q493715	city	Q29364
Q461204	city	Q29364
Q488831	city	Q29364
Q488892	city	Q29364
Q512787	city	Q29364
Q493951	city	Q29364
Q501147	city	Q29364
Q487731	city	Q29364
Q494630	city	Q29364
Q109437	city	Q29364
Q1068297	city	Q29364
Q502925	city	Q29364
Q487738	city	Q29364
Q253538	city	Q29364
Q957995	city	Q29364
Q503451	city	Q29364
Q156163	city	Q29364
Q261672	city	Q29364
Q506291	city	Q29364
Q1551044	city	Q29364
Q501074	city	Q29364
Q487725	city	Q29364
Q501084	city	Q29364
Q503081	city	Q29364
Q366959	city	Q29364
Q502784	city	Q29364
Q111273	city	Q29364
Q5193960	city	Q29364
Q540672	city	Q29364
Q502743	city	Q29364
Q5591503	city	Q29364
Q503088	city	Q29364
Q501000	city	Q29364
Q488840	city	Q29364
Q485660	city	Q29364
Q492318	city	Q29364
Q494626	city	Q29364
Q108856	city	Q29364
Q501108	city	Q29364
Q493709	city	Q29364
Q193737	city	Q29364
Q188204	city	Q29364
Q494620	city	Q29364
Q111280	city	Q29364
Q501055	city	Q29364
Q501157	city	Q29364
Q111250	city	Q29364
Q302918	city	Q29364
Q61010	city	Q33405
Q61077	city	Q33405
Q61470	city	Q33405
Q61143	city	Q33405
Q61339	city	Q33405
Q61005	city	Q33405
Q61363	city	Q33405
Q61330	city	Q33405
Q61029	city	Q33405
Q61216	city	Q33405
Q61458	city	Q33405
Q7895080	city	Q33405
Q156032	city	Q33405
Q61370	city	Q33405
Q61034	city	Q33405
Q61026	city	Q33405
Q2041614	city	Q33405
Q61317	city	Q33405
Q61315	city	Q33405
Q61160	city	Q33405
Q61020	city	Q33405
Q61381	city	Q33405
Q61145	city	Q33405
Q61131	city	Q33405
Q61176	city	Q33405
Q61484	city	Q33405
Q61039	city	Q33405
Q1497	city	Q33405
Q673111	city	Q33405
Q61379	city	Q33405
Q61289	city	Q33405
Q61348	city	Q33405
Q1782724	city	Q33405
Q61014	city	Q33405
Q61350	city	Q33405
Q61468	city	Q33405
Q61355	city	Q33405
Q61148	city	Q33405
Q61153	city	Q33405
Q1604967	city	Q33405
Q1108022	city	Q33405
Q1070333	city	Q33405
Q61007	city	Q33405
Q500131	city	Q33405
Q61138	city	Q33405
Q1813795	city	Q33405
Q61500	city	Q33405
Q61346	city	Q33405
Q61129	city	Q33405
Q61354	city	Q33405
Q61086	city	Q33405
Q61384	city	Q33405
Q61042	city	Q33405
Q61165	city	Q33405
Q61200	city	Q33405
Q1724577	city	Q33405
Q61352	city	Q33405
Q61327	city	Q33405
Q61181	city	Q33405
Q7110141	city	Q33405
Q61170	city	Q33405
Q5656138	city	Q33405
Q61157	city	Q33405
Q1605137	city	Q33405
Q61368	city	Q33405
Q1185955	city	Q40881
Q835104	city	Q40881
Q3565400	city	Q40881
Q495398	city	Q40881
Q484340	city	Q40881
Q108403	city	Q40881
Q1265	city	Q40881
Q484342	city	Q40881
Q484398	city	Q40881
Q111220	city	Q40881
Q2302311	city	Q40881
Q484401	city	Q40881
Q484335	city	Q40881
Q6893723	city	Q40881
Q184355	city	Q40881
Q3446571	city	Q40881
Q2042749	city	Q40881
Q495376	city	Q40881
Q484418	city	Q40881
Q7895286	city	Q16554
Q859355	city	Q16554
Q312455	city	Q16554
Q205842	city	Q16554
Q113029	city	Q16554
Q1265	city	Q16554
Q94783	city	Q16554
Q127975	city	Q16554
Q311897	city	Q16554
Q1111367	city	Q16554
Q312744	city	Q16554
Q312746	city	Q16554
Q128080	city	Q16554
Q312740	city	Q16554
Q112807	city	Q16554
Q312734	city	Q16554
Q160636	city	Q16554
Q115556	city	Q16554
Q597753	city	Q16554
Q1111261	city	Q16554
Q115568	city	Q16554
Q312742	city	Q16554
Q1755015	city	Q16554
Q113423	city	Q16554
Q1419187	city	Q16554
Q558645	city	Q16554
Q2599279	city	Q16554
Q370710	city	Q16554
Q1783608	city	Q16554
Q312497	city	Q16554
Q32349	city	Q16554
Q312563	city	Q16554
Q1331280	city	Q16554
Q1092055	city	Q16554
Q127978	city	Q16554
Q112977	city	Q16554
Q312750	city	Q16554
Q2165526	city	Q16554
Q115589	city	Q16554
Q8319	city	Q16554
Q736674	city	Q16554
Q312475	city	Q16554
Q115551	city	Q16554
Q111774	city	Q16554
Q1478903	city	Q16554
Q177627	city	Q16554
Q127979	city	Q16554
Q127973	city	Q16554
Q63729	city	Q16554
Q311904	city	Q16554
Q312149	city	Q16554
Q153251	city	Q16554
Q128096	city	Q16554
Q128075	city	Q16554
Q1542874	city	Q16554
Q127970	city	Q16554
Q115583	city	Q16554
Q312453	city	Q16554
Q1111640	city	Q16554
Q49124	city	Q100
Q4767291	city	Q100
Q54076	city	Q100
Q8043179	city	Q100
Q54082	city	Q100
Q693674	city	Q100
Q794927	city	Q100
Q54163	city	Q100
Q54072	city	Q100
Q49165	city	Q100
Q1061122	city	Q100
Q924318	city	Q100
Q49118	city	Q100
Q1432645	city	Q100
Q7058068	city	Q100
Q49120	city	Q100
Q54165	city	Q100
Q49166	city	Q100
Q54086	city	Q100
Q1073441	city	Q100
Q13371	city	Q100
Q1706859	city	Q100
Q5250893	city	Q100
Q49108	city	Q100
Q3046576	city	Q100
Q1631368	city	Q100
Q558957	city	Q100
Q1095773	city	Q100
Q49204	city	Q100
Q14715517	city	Q100
Q3445783	city	Q100
Q49119	city	Q100
Q54093	city	Q100
Q195046	city	Q100
Q379648	city	Q100
Q142740	city	Q100
Q7272215	city	Q100
Q4947841	city	Q100
Q7988102	city	Q100
Q517787	city	Q100
Q650167	city	Q100
Q49205	city	Q100
Q54091	city	Q100
Q49123	city	Q100
Q54160	city	Q100
Q54073	city	Q100
Q2477664	city	Q100
Q1144518	city	Q100
Q4865221	city	Q100
Q54089	city	Q100
Q2620177	city	Q100
Q7634594	city	Q100
Q3064264	city	Q100
Q49127	city	Q100
Q54079	city	Q100
Q15143	city	Q100
Q872541	city	Q100
Q54161	city	Q100
Q503419	city	Q16556
Q58771	city	Q16556
Q58686	city	Q16556
Q58712	city	Q16556
Q58774	city	Q16556
Q58691	city	Q16556
Q670897	city	Q16556
Q58692	city	Q16556
Q189429	city	Q16556
Q5101102	city	Q16556
Q184355	city	Q16556
Q6893723	city	Q16556
Q8050369	city	Q16556
Q58696	city	Q16556
Q58694	city	Q16556
Q58711	city	Q16556
Q58688	city	Q16556
Q139901	city	Q16556
Q58689	city	Q16556
Q838143	city	Q16556
Q1152278	city	Q16556
Q4468442	city	Q16556
Q58698	city	Q16556
Q1265	city	Q16556
Q58759	city	Q16556
Q58684	city	Q16556
Q4107580	city	Q16556
Q4564294	city	Q23197
Q1177705	city	Q23197
Q474999	city	Q23197
Q502380	city	Q23197
Q494822	city	Q23197
Q1333747	city	Q23197
Q495037	city	Q23197
Q502364	city	Q23197
Q502479	city	Q23197
Q781153	city	Q23197
Q502050	city	Q23197
Q501563	city	Q23197
Q490318	city	Q23197
Q494774	city	Q23197
Q1784748	city	Q23197
Q494990	city	Q23197
Q488943	city	Q23197
Q501918	city	Q23197
Q501968	city	Q23197
Q495031	city	Q23197
Q495078	city	Q23197
Q502437	city	Q23197
Q7586705	city	Q23197
Q495052	city	Q23197
Q494970	city	Q23197
Q502377	city	Q23197
Q495003	city	Q23197
Q501948	city	Q23197
Q506175	city	Q23197
Q502400	city	Q23197
Q494998	city	Q23197
Q494636	city	Q23197
Q1143711	city	Q23197
Q494791	city	Q23197
Q490322	city	Q23197
Q2094177	city	Q23197
Q502348	city	Q23197
Q502393	city	Q23197
Q494768	city	Q23197
Q302165	city	Q23197
Q501974	city	Q23197
Q489007	city	Q23197
Q502428	city	Q23197
Q495043	city	Q23197
Q7458159	city	Q23197
Q494634	city	Q23197
Q1497	city	Q23197
Q1150105	city	Q23197
Q501602	city	Q23197
Q501606	city	Q23197
Q505968	city	Q23197
Q634669	city	Q23197
Q1321046	city	Q23197
Q1781384	city	Q23197
Q495006	city	Q23197
Q4874607	city	Q23197
Q372373	city	Q23197
Q475301	city	Q23197
Q501982	city	Q23197
Q502342	city	Q23197
Q501914	city	Q23197
Q188376	city	Q23197
Q502360	city	Q23197
Q494755	city	Q23197
Q108788	city	Q28198
Q485388	city	Q28198
Q490266	city	Q28198
Q490835	city	Q28198
Q485383	city	Q28198
Q112456	city	Q28198
Q485420	city	Q28198
Q7682986	city	Q28198
Q1497	city	Q28198
Q484668	city	Q28198
Q842902	city	Q28198
Q491190	city	Q28198
Q156411	city	Q28198
Q624090	city	Q28198
Q490251	city	Q28198
Q485035	city	Q28198
Q193737	city	Q28198
Q485434	city	Q28198
Q490210	city	Q28198
Q1138384	city	Q28198
Q486538	city	Q28198
Q497607	city	Q28198
Q484659	city	Q28198
Q486466	city	Q28198
Q491276	city	Q28198
Q14693404	city	Q28198
Q490272	city	Q28198
Q1805243	city	Q28198
Q497615	city	Q28198
Q339724	city	Q28198
Q484643	city	Q28198
Q6879096	city	Q28198
Q486513	city	Q28198
Q115356	city	Q28198
Q490843	city	Q28198
Q156575	city	Q28198
Q491267	city	Q28198
Q490884	city	Q28198
Q490852	city	Q28198
Q485426	city	Q28198
Q490864	city	Q28198
Q485441	city	Q28198
Q1939211	city	Q28198
Q112834	city	Q28198
Q485378	city	Q28198
Q7456791	city	Q25330
Q502468	city	Q25330
Q502414	city	Q25330
Q502587	city	Q25330
Q1799872	city	Q25330
Q749287	city	Q25330
Q14705441	city	Q25330
Q497928	city	Q25330
Q1795487	city	Q25330
Q502459	city	Q25330
Q11351132	city	Q25330
Q2543032	city	Q25330
Q496886	city	Q25330
Q490505	city	Q25330
Q112915	city	Q25330
Q6382148	city	Q25330
Q2349578	city	Q25330
Q2055835	city	Q25330
Q3125487	city	Q25330
Q585828	city	Q25330
Q922647	city	Q25330
Q502424	city	Q25330
Q497845	city	Q25330
Q497795	city	Q25330
Q21578	city	Q25330
Q909696	city	Q25330
Q495998	city	Q25330
Q502451	city	Q25330
Q499451	city	Q25330
Q496862	city	Q25330
Q502564	city	Q25330
Q3140	city	Q25330
Q15952687	city	Q25330
Q657222	city	Q25330
Q497810	city	Q25330
Q128077	city	Q25330
Q502463	city	Q25330
Q3551664	city	Q25330
Q498163	city	Q25330
Q495974	city	Q25330
Q138141	city	Q25330
Q488668	city	Q28271
Q494072	city	Q28271
Q503415	city	Q28271
Q501263	city	Q28271
Q511106	city	Q28271
Q488701	city	Q28271
Q501284	city	Q28271
Q501277	city	Q28271
Q509549	city	Q28271
Q511120	city	Q28271
Q398939	city	Q28271
Q501319	city	Q28271
Q5399470	city	Q28271
Q501323	city	Q28271
Q11103025	city	Q28271
Q216868	city	Q28271
Q26807	city	Q28271
Q1470734	city	Q28271
Q179444	city	Q28271
Q1474129	city	Q28271
Q511164	city	Q28271
Q27538	city	Q28271
Q511150	city	Q28271
Q385365	city	Q28271
Q511135	city	Q28271
Q2748733	city	Q28271
Q6781349	city	Q28271
Q494228	city	Q28271
Q193727	city	Q28271
Q432641	city	Q28271
Q156257	city	Q28271
Q7895695	city	Q28271
Q1118332	city	Q28271
Q501242	city	Q28271
Q4134258	city	Q28271
Q483607	city	Q28271
Q1054905	city	Q28271
Q6923804	city	Q28271
Q501236	city	Q28271
Q735049	city	Q28271
Q511084	city	Q28271
Q858729	city	Q28271
Q921088	city	Q34600
Q488181	city	Q23556
Q2508061	city	Q23556
Q3474474	city	Q23556
Q624959	city	Q23556
Q501115	city	Q23556
Q498319	city	Q23556
Q1798612	city	Q23556
Q384890	city	Q23556
Q3064269	city	Q23556
Q1532470	city	Q23556
Q211360	city	Q23556
Q1137567	city	Q23556
Q486633	city	Q23556
Q486150	city	Q23556
Q621043	city	Q23556
Q1068297	city	Q23556
Q115307	city	Q23556
Q864855	city	Q23556
Q487692	city	Q23556
Q200696	city	Q23556
Q503546	city	Q23556
Q491547	city	Q23556
Q498321	city	Q23556
Q501096	city	Q23556
Q7895457	city	Q23556
Q7575916	city	Q23556
Q761534	city	Q23556
Q486398	city	Q23556
Q490065	city	Q23556
Q492016	city	Q23556
Q2826926	city	Q23556
Q484247	city	Q23556
Q14432001	city	Q23556
Q493102	city	Q23556
Q492012	city	Q23556
Q370750	city	Q23556
Q500871	city	Q43788
Q351887	city	Q43788
Q510244	city	Q43788
Q490550	city	Q43788
Q490482	city	Q43788
Q6772633	city	Q43788
Q495332	city	Q43788
Q494958	city	Q43788
Q494893	city	Q43788
Q188370	city	Q43788
Q500861	city	Q43788
Q502222	city	Q43788
Q490477	city	Q43788
Q500933	city	Q43788
Q52250	city	Q43788
Q500897	city	Q43788
Q500813	city	Q43788
Q505848	city	Q43788
Q501596	city	Q43788
Q502086	city	Q43788
Q202454	city	Q43788
Q494899	city	Q43788
Q932951	city	Q43788
Q501587	city	Q43788
Q489163	city	Q43788
Q500918	city	Q43788
Q2904557	city	Q43788
Q502294	city	Q43788
Q500958	city	Q43788
Q502244	city	Q43788
Q501575	city	Q43788
Q1497	city	Q43788
Q494931	city	Q43788
Q1809286	city	Q43788
Q1507416	city	Q43788
Q372796	city	Q43788
Q500977	city	Q43788
Q501582	city	Q43788
Q500880	city	Q43788
Q494943	city	Q43788
Q484133	city	Q43788
Q1755318	city	Q43788
Q494936	city	Q43788
Q500838	city	Q43788
Q376102	city	Q43788
Q505868	city	Q43788
Q505638	city	Q43788
Q591156	city	Q43788
Q932966	city	Q43788
Q510122	city	Q43788
Q494912	city	Q43788
Q497424	city	Q43788
Q1130480	city	Q43788
Q501559	city	Q43788
Q500784	city	Q43788
Q505874	city	Q43788
Q500891	city	Q43788
Q495326	city	Q43788
Q500939	city	Q43788
Q502200	city	Q43788
Q501989	city	Q43788
Q494926	city	Q43788
Q494923	city	Q43788
Q495315	city	Q43788
Q3551771	city	Q43788
Q493529	city	Q43788
Q127184	city	Q43788
Q2503441	city	Q43788
Q500793	city	Q43788
Q494947	city	Q43788
Q494952	city	Q43788
Q505644	city	Q43788
Q431440	city	Q43788
Q494916	city	Q43788
Q494919	city	Q43788
Q500908	city	Q43788
Q500854	city	Q43788
Q1278210	city	Q43421
Q495116	city	Q43421
Q510934	city	Q43421
Q1474100	city	Q43421
Q5373734	city	Q43421
Q502021	city	Q43421
Q502352	city	Q43421
Q336948	city	Q43421
Q1797817	city	Q43421
Q340608	city	Q43421
Q341915	city	Q43421
Q1584933	city	Q43421
Q506197	city	Q43421
Q514008	city	Q43421
Q341679	city	Q43421
Q502036	city	Q43421
Q258943	city	Q43421
Q337688	city	Q43421
Q337204	city	Q43421
Q495120	city	Q43421
Q340606	city	Q43421
Q513982	city	Q43421
Q510915	city	Q43421
Q213439	city	Q43421
Q495132	city	Q43421
Q378896	city	Q43421
Q495165	city	Q43421
Q341708	city	Q43421
Q951290	city	Q43421
Q513919	city	Q43421
Q505886	city	Q43421
Q179444	city	Q43421
Q65379	city	Q43421
Q505861	city	Q43421
Q1333747	city	Q43421
Q632506	city	Q43421
Q505884	city	Q43421
Q657374	city	Q43421
Q506202	city	Q43421
Q182112	city	Q43421
Q490325	city	Q43421
Q7934591	city	Q43421
Q505841	city	Q43421
Q495171	city	Q43421
Q337776	city	Q43421
Q1785291	city	Q43421
Q337348	city	Q43421
Q488653	city	Q43421
Q461562	city	Q43421
Q216868	city	Q43421
Q506191	city	Q43421
Q515150	city	Q43421
Q338052	city	Q43421
Q515220	city	Q43421
Q513805	city	Q43421
Q427732	city	Q43421
Q1160000	city	Q43421
Q285625	city	Q43421
Q495204	city	Q43421
Q502213	city	Q43421
Q495181	city	Q43421
Q507117	city	Q43421
Q514024	city	Q43421
Q341865	city	Q43421
Q341639	city	Q43421
Q7896545	city	Q43421
Q7339779	city	Q43421
Q513744	city	Q43421
Q494216	city	Q43421
Q337915	city	Q43421
Q510885	city	Q43421
Q7972542	city	Q43421
Q1468607	city	Q43421
Q513950	city	Q43421
Q340591	city	Q43421
Q513792	city	Q43421
Q495154	city	Q43421
Q337067	city	Q43421
Q470626	city	Q43421
Q494180	city	Q43421
Q508192	city	Q43421
Q341755	city	Q43421
Q506225	city	Q43421
Q183263	city	Q43421
Q1797609	city	Q43421
Q510947	city	Q43421
Q505834	city	Q43421
Q952823	city	Q43421
Q515166	city	Q43421
Q502031	city	Q43421
Q875637	city	Q43421
Q510920	city	Q43421
Q785357	city	Q43421
Q513818	city	Q43421
Q493605	city	Q37043
Q501067	city	Q37043
Q5332879	city	Q37043
Q1068297	city	Q37043
Q3269570	city	Q37043
Q429863	city	Q37043
Q751289	city	Q37043
Q488885	city	Q37043
Q935018	city	Q37043
Q501163	city	Q37043
Q488821	city	Q37043
Q500606	city	Q37043
Q488531	city	Q37043
Q488826	city	Q37043
Q143451	city	Q37043
Q500992	city	Q37043
Q488572	city	Q37043
Q488499	city	Q37043
Q488543	city	Q37043
Q501014	city	Q37043
Q280596	city	Q37043
Q1473796	city	Q37043
Q1982482	city	Q37043
Q503059	city	Q37043
Q488528	city	Q37043
Q488874	city	Q37043
Q484294	city	Q37043
Q809106	city	Q37043
Q501758	city	Q37043
Q494556	city	Q37043
Q501029	city	Q37043
Q1677915	city	Q37043
Q494616	city	Q37043
Q7895748	city	Q37043
Q494471	city	Q37043
Q488576	city	Q37043
Q262708	city	Q37043
Q501043	city	Q37043
Q488853	city	Q37043
Q263742	city	Q37043
Q2341039	city	Q37043
Q738258	city	Q37043
Q494624	city	Q37043
Q468557	city	Q37043
Q659255	city	Q37043
Q494500	city	Q37043
Q488517	city	Q37043
Q2164222	city	Q37043
Q494541	city	Q37043
Q1798499	city	Q37043
Q156643	city	Q37043
Q5461600	city	Q37043
Q5101627	city	Q37043
Q488865	city	Q37043
Q111709	city	Q28603
Q486071	city	Q28603
Q491903	city	Q28603
Q500663	city	Q28603
Q500698	city	Q28603
Q400747	city	Q28603
Q7895647	city	Q28603
Q502952	city	Q28603
Q496729	city	Q28603
Q505453	city	Q28603
Q491831	city	Q28603
Q505428	city	Q28603
Q1143718	city	Q28603
Q500711	city	Q28603
Q486075	city	Q28603
Q6552909	city	Q28603
Q491936	city	Q28603
Q4915	city	Q28603
Q1474105	city	Q28603
Q501172	city	Q28603
Q491911	city	Q28603
Q956056	city	Q28603
Q574586	city	Q28603
Q503495	city	Q28603
Q400757	city	Q28603
Q491931	city	Q28603
Q491112	city	Q28603
Q1497	city	Q28603
Q491872	city	Q28603
Q491843	city	Q28603
Q633040	city	Q28603
Q491862	city	Q28603
Q503501	city	Q28603
Q846859	city	Q28603
Q506370	city	Q28603
Q486095	city	Q28603
Q181967	city	Q28603
Q491982	city	Q28603
Q502715	city	Q28603
Q1317143	city	Q28603
Q491996	city	Q28603
Q505387	city	Q28603
Q491988	city	Q28603
Q491136	city	Q28603
Q7895594	city	Q28603
Q491894	city	Q28603
Q500670	city	Q28603
Q503516	city	Q28603
Q501092	city	Q28603
Q503554	city	Q28603
Q498066	city	Q28603
Q506342	city	Q28603
Q500734	city	Q28603
Q486105	city	Q28603
Q500751	city	Q28603
Q491919	city	Q28603
Q1278206	city	Q28603
Q491941	city	Q28603
Q498104	city	Q28603
Q500742	city	Q28603
Q486087	city	Q28603
Q491976	city	Q28603
Q498058	city	Q28603
Q505411	city	Q28603
Q7569667	city	Q28603
Q491945	city	Q28603
Q1160000	city	Q28603
Q500702	city	Q28603
Q491878	city	Q28603
Q506357	city	Q28603
Q486081	city	Q28603
Q498028	city	Q28603
Q113185	city	Q28603
Q491966	city	Q28603
Q486920	city	Q28603
Q502707	city	Q28603
Q491479	city	Q28603
Q500674	city	Q28603
Q491927	city	Q28603
Q505347	city	Q28603
Q506315	city	Q28603
Q486067	city	Q28603
Q486048	city	Q28603
Q193737	city	Q28603
Q503442	city	Q28603
Q888563	city	Q28603
Q505499	city	Q28603
Q1360303	city	Q28603
Q500767	city	Q28603
Q500776	city	Q28603
Q373348	city	Q28603
Q473605	city	Q28603
Q491108	city	Q28603
Q1804942	city	Q28603
Q503505	city	Q28603
Q502920	city	Q28603
Q400753	city	Q28603
Q3463654	city	Q28249
Q379648	city	Q28249
Q54445	city	Q28249
Q14705363	city	Q28249
Q3445256	city	Q28249
Q54439	city	Q28249
Q54442	city	Q28249
Q49116	city	Q28249
Q54441	city	Q28249
Q54444	city	Q28249
Q1556007	city	Q28249
Q54438	city	Q28249
Q1426464	city	Q28249
Q54446	city	Q28249
Q54443	city	Q28249
Q514154	city	Q28249
Q54440	city	Q28249
Q5395822	city	Q38453
Q513933	city	Q38453
Q508288	city	Q38453
Q631066	city	Q38453
Q1806300	city	Q38453
Q370750	city	Q38453
Q507488	city	Q38453
Q497377	city	Q38453
Q2740389	city	Q38453
Q495682	city	Q38453
Q4507421	city	Q38453
Q502473	city	Q38453
Q306343	city	Q38453
Q502273	city	Q38453
Q505993	city	Q38453
Q513905	city	Q38453
Q513833	city	Q38453
Q505980	city	Q38453
Q8029049	city	Q38453
Q502288	city	Q38453
Q495105	city	Q38453
Q1475020	city	Q38453
Q489420	city	Q38453
Q506068	city	Q38453
Q112957	city	Q38453
Q384754	city	Q38453
Q502411	city	Q38453
Q619609	city	Q38453
Q512816	city	Q38453
Q181015	city	Q38453
Q404898	city	Q38453
Q497871	city	Q38453
Q505975	city	Q38453
Q484268	city	Q39042
Q110592	city	Q39042
Q483982	city	Q39042
Q484194	city	Q39042
Q484142	city	Q39042
Q586241	city	Q39042
Q156452	city	Q39042
Q490512	city	Q39042
Q1755015	city	Q39042
Q490494	city	Q39042
Q374772	city	Q39042
Q114123	city	Q39042
Q109442	city	Q39042
Q488912	city	Q39042
Q483973	city	Q39042
Q1326975	city	Q39042
Q156385	city	Q39042
Q1722116	city	Q39042
Q490522	city	Q39042
Q272074	city	Q39042
Q484156	city	Q39042
Q108626	city	Q39042
Q859686	city	Q39042
Q484527	city	Q39042
Q1075116	city	Q28206
Q1124743	city	Q28206
Q514154	city	Q28206
Q502581	city	Q28206
Q7895653	city	Q28206
Q491954	city	Q28206
Q507256	city	Q28206
Q507216	city	Q28206
Q506363	city	Q28206
Q497788	city	Q28206
Q390141	city	Q28206
Q491046	city	Q28206
Q3244049	city	Q28206
Q607546	city	Q28206
Q6389554	city	Q28206
Q506351	city	Q28206
Q1307345	city	Q28206
Q507244	city	Q28206
Q895401	city	Q28206
Q497172	city	Q28206
Q502592	city	Q28206
Q507931	city	Q28206
Q506326	city	Q28206
Q810771	city	Q28206
Q507230	city	Q28206
Q511679	city	Q29445
Q179950	city	Q29445
Q156684	city	Q29445
Q1546553	city	Q29445
Q514093	city	Q29445
Q512925	city	Q29445
Q1285252	city	Q29445
Q512713	city	Q29445
Q511806	city	Q29445
Q511723	city	Q29445
Q678687	city	Q29445
Q104437	city	Q29445
Q1089367	city	Q29445
Q512901	city	Q29445
Q664874	city	Q35775
Q3373254	city	Q35775
Q486078	city	Q35775
Q491339	city	Q35775
Q486380	city	Q35775
Q109820	city	Q35775
Q4086416	city	Q35775
Q488548	city	Q35775
Q7546182	city	Q35775
Q494518	city	Q35775
Q109815	city	Q35775
Q487415	city	Q35775
Q486357	city	Q35775
Q483947	city	Q35775
Q7428707	city	Q35775
Q488582	city	Q35775
Q494480	city	Q35775
Q483932	city	Q35775
Q488512	city	Q35775
Q111298	city	Q35775
Q494508	city	Q35775
Q494460	city	Q35775
Q284840	city	Q35775
Q1656608	city	Q35775
Q491327	city	Q35775
Q486372	city	Q35775
Q486376	city	Q35775
Q2262	city	Q35775
Q494526	city	Q35775
Q494575	city	Q35775
Q7994576	city	Q35775
Q5146733	city	Q35775
Q486054	city	Q35775
Q491311	city	Q35775
Q272074	city	Q35775
Q491316	city	Q35775
Q891080	city	Q35775
Q486336	city	Q35775
Q7895518	city	Q35775
Q1854488	city	Q35775
Q113017	city	Q35775
Q2042749	city	Q35775
Q1099574	city	Q35775
Q5146837	city	Q35775
Q1650	city	Q1729
Q154561	city	Q1729
Q1144357	city	Q24861
Q24861	city	Q24861
Q600301	city	Q24861
Q509880	city	Q26426
Q1357891	city	Q26426
Q509826	city	Q26426
Q509770	city	Q26426
Q505444	city	Q26426
Q1338233	city	Q26426
Q2477664	city	Q26426
Q5576249	city	Q26426
Q17174784	city	Q26426
Q513994	city	Q26426
Q505380	city	Q26426
Q353108	city	Q26426
Q513878	city	Q26426
Q511647	city	Q26426
Q817902	city	Q26426
Q1681928	city	Q26426
Q513758	city	Q26426
Q1048898	city	Q26426
Q505405	city	Q26426
Q25893	city	Q26426
Q515205	city	Q26426
Q379648	city	Q26426
Q484563	city	Q23337
Q1542874	city	Q23337
Q26689	city	Q23337
Q109641	city	Q23337
Q484222	city	Q23337
Q26738	city	Q23337
Q1052614	city	Q23337
Q27041	city	Q23337
Q26631	city	Q23337
Q5101102	city	Q23337
Q26754	city	Q23337
Q26564	city	Q23337
Q27045	city	Q23337
Q26760	city	Q23337
Q156467	city	Q23337
Q12060909	city	Q23337
Q632573	city	Q23337
Q26723	city	Q23337
Q484548	city	Q23337
Q27240	city	Q23337
Q484577	city	Q23337
Q184355	city	Q23337
Q26766	city	Q23337
Q484556	city	Q23337
Q27229	city	Q23337
Q484559	city	Q23337
Q26628	city	Q23337
Q109790	city	Q23337
Q332498	city	Q23337
Q1787152	city	Q23337
Q26740	city	Q23337
Q1265	city	Q23337
Q26622	city	Q23337
Q6106933	city	Q23337
Q489062	city	Q40747
Q489069	city	Q40747
Q1305521	city	Q40747
Q5419	city	Q40747
Q489222	city	Q40747
Q495273	city	Q40747
Q495269	city	Q40747
Q495257	city	Q40747
Q2001088	city	Q40747
Q2302260	city	Q40747
Q7896329	city	Q40747
Q489099	city	Q40747
Q54258	city	Q18383
Q54253	city	Q18383
Q1641788	city	Q18383
Q3940116	city	Q18383
Q575662	city	Q18383
Q54260	city	Q18383
Q1012699	city	Q18383
Q1695578	city	Q18383
Q907883	city	Q1354
Q54240	city	Q33486
Q7895301	city	Q33486
Q1631368	city	Q33486
Q917899	city	Q33486
Q1053764	city	Q33486
Q54231	city	Q33486
Q54236	city	Q33486
Q54234	city	Q33486
Q1961140	city	Q33486
Q1143289	city	Q33486
Q54251	city	Q33486
Q1055874	city	Q33486
Q49167	city	Q33486
Q8047423	city	Q33486
Q2477664	city	Q33486
Q5103452	city	Q33486
Q4576133	city	Q33486
Q747053	city	Q33486
Q1276963	city	Q33486
Q49206	city	Q33486
Q1797448	city	Q33486
Q8047422	city	Q33486
Q54238	city	Q33486
Q7272215	city	Q33486
Q1253123	city	Q33486
Q54246	city	Q33486
Q54235	city	Q33486
Q1393265	city	Q33486
Q34589	city	Q35178
Q309988	city	Q1022
Q153978	city	Q1022
Q151510	city	Q1022
Q317070	city	Q1022
Q487334	city	Q18094
Q111409	city	Q18094
Q111517	city	Q18094
Q217439	city	Q18094
Q443584	city	Q36433
Q373528	city	Q36433
Q36433	city	Q36433
Q50662	city	Q1721
Q584	city	Q70
Q643	city	Q70
Q584	city	Q727
Q34589	city	Q1530
Q584	city	Q239
Q1149393	city	Q35765
Q1650	city	Q1715
Q152838	city	Q1715
Q643	city	Q90
Q743615	city	Q204249
Q907883	city	Q987
Q857567	city	Q48320
Q584	city	Q1844
Q679384	city	Q1726
Q25444	city	Q25444
Q154804	city	Q1731
Q643	city	Q220
Q693380	city	Q240
Q875788	city	Q1741
Q34589	city	Q3692
Q896037	city	Q1761
Q34589	city	Q3640
