Q356230	deputy	Q313805
Q333174	deputy	Q129006
Q2073804	deputy	Q333701
Q23386	deputy	Q356411
Q6770126	deputy	Q3180912
Q152327	deputy	Q57282
Q370926	deputy	Q214438
Q23369	deputy	Q214438
Q560930	deputy	Q351710
Q7693792	deputy	Q23362
Q1548798	deputy	Q128543
Q244312	deputy	Q189947
Q380182	deputy	Q1701309
Q57815	deputy	Q2038800
Q332360	deputy	Q332419
Q244312	deputy	Q248021
Q181383	deputy	Q529391
Q312722	deputy	Q214438
Q1238	deputy	Q1240
Q516515	deputy	Q170581
Q10800073	deputy	Q57600
Q766866	deputy	Q497271
Q1400580	deputy	Q304561
Q1251694	deputy	Q23386
Q1251694	deputy	Q356411
Q23386	deputy	Q312722
Q23386	deputy	Q23369
Q50608	deputy	Q3435918
Q356230	deputy	Q313805
Q4861362	deputy	Q591604
Q23369	deputy	Q4786639
Q23369	deputy	Q214438
Q1236571	deputy	Q41563
Q6770126	deputy	Q3180912
Q266146	deputy	Q234182
Q4964109	deputy	Q242654
Q737739	deputy	Q284733
Q3020626	deputy	Q3434193
Q381902	deputy	Q304561
Q185272	deputy	Q154550
Q444705	deputy	Q185272
Q863220	deputy	Q356261
Q4757008	deputy	Q466482
Q2094491	deputy	Q1567156
Q1994957	deputy	Q276524
Q304561	deputy	Q242654
Q356261	deputy	Q312722
Q333953	deputy	Q333811
Q1060949	deputy	Q57675
Q3180912	deputy	Q7803494
Q57282	deputy	Q101547
Q333174	deputy	Q129006
Q491610	deputy	Q2496
Q180383	deputy	Q1385100
Q7152085	deputy	Q466482
Q333811	deputy	Q467112
Q284733	deputy	Q637012
Q434804	deputy	Q314459
Q1711587	deputy	Q57590
Q333085	deputy	Q323488
Q335791	deputy	Q129006
Q2073804	deputy	Q333701
Q333953	deputy	Q333811
Q333085	deputy	Q323488
Q266146	deputy	Q234182
Q7693792	deputy	Q23362
Q185272	deputy	Q154550
Q540847	deputy	Q154550
Q1994957	deputy	Q276524
Q444705	deputy	Q185272
Q863220	deputy	Q356261
Q10800073	deputy	Q57600
Q434804	deputy	Q314459
Q737739	deputy	Q284733
Q1400580	deputy	Q304561
Q312722	deputy	Q214438
Q3180912	deputy	Q7803494
Q304561	deputy	Q242654
Q180383	deputy	Q1385100
Q3020626	deputy	Q3434193
Q6770126	deputy	Q3180912
Q1236571	deputy	Q41563
Q1711587	deputy	Q57590
Q466028	deputy	Q2038800
Q284733	deputy	Q637012
Q4757008	deputy	Q466482
Q152327	deputy	Q57282
Q516515	deputy	Q170581
Q333174	deputy	Q129006
Q333811	deputy	Q467112
Q244312	deputy	Q248021
Q181383	deputy	Q529391
Q57282	deputy	Q101547
Q979566	deputy	Q2094491
Q766866	deputy	Q497271
Q7176566	deputy	Q51330
Q908749	deputy	Q51330
Q304561	deputy	Q51330
Q182035	deputy	Q128995
Q128985	deputy	Q128995
Q370966	deputy	Q23362
Q272588	deputy	Q181383
Q863220	deputy	Q356261
Q23333	deputy	Q356261
Q315979	deputy	Q356261
Q23358	deputy	Q152666
Q1471625	deputy	Q218661
Q319824	deputy	Q218661
Q356411	deputy	Q312722
Q356261	deputy	Q312722
Q312722	deputy	Q214438
Q23369	deputy	Q214438
Q23379	deputy	Q214438
Q333174	deputy	Q129006
Q337380	deputy	Q129006
Q335791	deputy	Q129006
Q332405	deputy	Q129006
Q335697	deputy	Q41563
Q1236571	deputy	Q41563
Q1400580	deputy	Q41563
Q1224	deputy	Q202209
Q3619783	deputy	Q202209
Q503143	deputy	Q57638
Q1060949	deputy	Q57675
Q933740	deputy	Q57611
Q57687	deputy	Q57611
Q1251694	deputy	Q356411
Q863220	deputy	Q356411
Q315979	deputy	Q356411
Q304561	deputy	Q242654
Q4964109	deputy	Q242654
Q284733	deputy	Q637012
Q1238	deputy	Q1240
Q314004	deputy	Q1240
Q366104	deputy	Q1240
Q4786639	deputy	Q370926
Q381817	deputy	Q57788
Q128529	deputy	Q128543
Q335215	deputy	Q57701
Q353713	deputy	Q336406
Q57643	deputy	Q313300
Q719701	deputy	Q781813
Q58077	deputy	Q15850
Q202209	deputy	Q47602
Q1711587	deputy	Q57590
Q558647	deputy	Q1385100
Q180383	deputy	Q1385100
Q23375	deputy	Q23369
Q312722	deputy	Q23369
Q333638	deputy	Q10819
Q235996	deputy	Q180383
Q314016	deputy	Q313805
Q965723	deputy	Q47846
Q57647	deputy	Q47846
Q513317	deputy	Q47846
Q53747	deputy	Q53740
Q181383	deputy	Q529391
Q369988	deputy	Q295713
Q10800073	deputy	Q57600
Q314016	deputy	Q356230
Q151729	deputy	Q366692
Q29021	deputy	Q351710
Q561559	deputy	Q287513
Q1240	deputy	Q320963
Q737739	deputy	Q284733
Q43723	deputy	Q93181
Q55924	deputy	Q55928
