Q3595455	ethnicity	Q854323
Q5557621	ethnicity	Q854323
Q15983310	ethnicity	Q854323
Q333981	ethnicity	Q854323
Q560197	ethnicity	Q854323
Q8597	ethnicity	Q854323
Q2039548	ethnicity	Q854323
Q317473	ethnicity	Q854323
Q148109	ethnicity	Q854323
Q7971388	ethnicity	Q854323
Q3401588	ethnicity	Q854323
Q248484	ethnicity	Q854323
Q2038656	ethnicity	Q854323
Q6809908	ethnicity	Q854323
Q3695153	ethnicity	Q854323
Q468339	ethnicity	Q854323
Q7204147	ethnicity	Q854323
Q3242258	ethnicity	Q854323
Q6943317	ethnicity	Q854323
Q7405395	ethnicity	Q854323
Q155164	ethnicity	Q854323
Q4738809	ethnicity	Q854323
Q4881006	ethnicity	Q854323
Q3249625	ethnicity	Q854323
Q4058315	ethnicity	Q854323
Q20744696	ethnicity	Q854323
Q6176459	ethnicity	Q854323
Q705644	ethnicity	Q854323
Q314787	ethnicity	Q854323
Q4683915	ethnicity	Q854323
Q6894150	ethnicity	Q854323
Q3243146	ethnicity	Q854323
Q15982559	ethnicity	Q854323
Q2411441	ethnicity	Q854323
Q3695730	ethnicity	Q854323
Q83672	ethnicity	Q854323
Q3155254	ethnicity	Q854323
Q1561693	ethnicity	Q854323
Q19888852	ethnicity	Q854323
Q55407	ethnicity	Q854323
Q760237	ethnicity	Q854323
Q15430688	ethnicity	Q854323
Q254122	ethnicity	Q854323
Q6809835	ethnicity	Q854323
Q4059060	ethnicity	Q854323
Q15430527	ethnicity	Q854323
Q270534	ethnicity	Q854323
Q4840601	ethnicity	Q854323
Q57811	ethnicity	Q854323
Q1955551	ethnicity	Q854323
Q7359654	ethnicity	Q854323
Q190071	ethnicity	Q854323
Q334059	ethnicity	Q854323
Q3709843	ethnicity	Q854323
Q6807663	ethnicity	Q854323
Q3240863	ethnicity	Q854323
Q3342137	ethnicity	Q854323
Q314776	ethnicity	Q854323
Q3630336	ethnicity	Q854323
Q6443390	ethnicity	Q854323
Q468324	ethnicity	Q854323
Q4665594	ethnicity	Q854323
Q3133978	ethnicity	Q854323
Q5618508	ethnicity	Q854323
Q4806201	ethnicity	Q854323
Q6448628	ethnicity	Q854323
Q7461024	ethnicity	Q854323
Q1373345	ethnicity	Q854323
Q3536381	ethnicity	Q854323
Q2679233	ethnicity	Q854323
Q258820	ethnicity	Q854323
Q2341578	ethnicity	Q854323
Q2739159	ethnicity	Q854323
Q6122272	ethnicity	Q854323
Q7635908	ethnicity	Q854323
Q7286597	ethnicity	Q854323
Q7416489	ethnicity	Q854323
Q4667465	ethnicity	Q854323
Q557749	ethnicity	Q854323
Q702788	ethnicity	Q854323
Q1058	ethnicity	Q854323
Q7397871	ethnicity	Q854323
Q2723357	ethnicity	Q854323
Q3676086	ethnicity	Q854323
Q5655835	ethnicity	Q854323
Q465005	ethnicity	Q854323
Q16379	ethnicity	Q854323
Q748926	ethnicity	Q854323
Q793987	ethnicity	Q854323
Q6480060	ethnicity	Q854323
Q15452028	ethnicity	Q854323
Q3136554	ethnicity	Q854323
Q17074163	ethnicity	Q854323
Q7423522	ethnicity	Q854323
Q312789	ethnicity	Q854323
Q7387554	ethnicity	Q854323
Q6937278	ethnicity	Q854323
Q370773	ethnicity	Q854323
Q1407499	ethnicity	Q854323
Q3595252	ethnicity	Q854323
Q15700898	ethnicity	Q854323
Q21063745	ethnicity	Q854323
Q1203191	ethnicity	Q854323
Q3031096	ethnicity	Q854323
Q3633978	ethnicity	Q854323
Q7295837	ethnicity	Q854323
Q7285925	ethnicity	Q854323
Q6933443	ethnicity	Q854323
Q7377749	ethnicity	Q854323
Q7299451	ethnicity	Q854323
Q1391329	ethnicity	Q854323
Q6168478	ethnicity	Q854323
Q6433992	ethnicity	Q854323
Q7931259	ethnicity	Q854323
Q3595438	ethnicity	Q854323
Q7505974	ethnicity	Q854323
Q151798	ethnicity	Q854323
Q3497323	ethnicity	Q854323
Q7285873	ethnicity	Q854323
Q7377094	ethnicity	Q854323
Q33635	ethnicity	Q854323
Q2748319	ethnicity	Q854323
Q7637065	ethnicity	Q854323
Q18645714	ethnicity	Q854323
Q6380219	ethnicity	Q854323
Q2721505	ethnicity	Q854323
Q983571	ethnicity	Q854323
Q834338	ethnicity	Q854323
Q944546	ethnicity	Q854323
Q263819	ethnicity	Q854323
Q284443	ethnicity	Q854323
Q9543	ethnicity	Q854323
Q2347152	ethnicity	Q854323
Q147395	ethnicity	Q854323
Q4901638	ethnicity	Q854323
Q1022556	ethnicity	Q854323
Q469945	ethnicity	Q854323
Q6368399	ethnicity	Q854323
Q310867	ethnicity	Q854323
Q6124275	ethnicity	Q854323
Q8048050	ethnicity	Q854323
Q2722933	ethnicity	Q854323
Q467213	ethnicity	Q854323
Q315338	ethnicity	Q854323
Q16012666	ethnicity	Q854323
Q2475741	ethnicity	Q854323
Q184885	ethnicity	Q854323
Q3418709	ethnicity	Q854323
Q92820	ethnicity	Q854323
Q6665461	ethnicity	Q854323
Q7238503	ethnicity	Q854323
Q3523851	ethnicity	Q854323
Q7039914	ethnicity	Q854323
Q2049688	ethnicity	Q854323
Q3521226	ethnicity	Q854323
Q1609586	ethnicity	Q854323
Q2363587	ethnicity	Q854323
Q7238871	ethnicity	Q854323
Q5266856	ethnicity	Q854323
Q7293185	ethnicity	Q854323
Q48619	ethnicity	Q854323
Q2700181	ethnicity	Q854323
Q12455087	ethnicity	Q854323
Q51489	ethnicity	Q854323
Q994657	ethnicity	Q854323
Q2721855	ethnicity	Q854323
Q4761956	ethnicity	Q854323
Q7293124	ethnicity	Q854323
Q2576856	ethnicity	Q854323
Q6364156	ethnicity	Q854323
Q7931371	ethnicity	Q854323
Q6986935	ethnicity	Q854323
Q3521977	ethnicity	Q854323
Q464900	ethnicity	Q854323
Q4790608	ethnicity	Q854323
Q4881554	ethnicity	Q854323
Q11056959	ethnicity	Q854323
Q1802784	ethnicity	Q854323
Q3417929	ethnicity	Q854323
Q17144179	ethnicity	Q854323
Q6807672	ethnicity	Q854323
Q4831766	ethnicity	Q854323
Q20177471	ethnicity	Q854323
Q7238441	ethnicity	Q854323
Q660584	ethnicity	Q854323
Q6164373	ethnicity	Q854323
Q7135164	ethnicity	Q854323
Q20742219	ethnicity	Q854323
Q330970	ethnicity	Q854323
Q6750444	ethnicity	Q854323
Q7683695	ethnicity	Q854323
Q560515	ethnicity	Q854323
Q5315319	ethnicity	Q854323
Q1612637	ethnicity	Q854323
Q3056379	ethnicity	Q854323
Q80309	ethnicity	Q854323
Q7906129	ethnicity	Q854323
Q3595552	ethnicity	Q854323
Q82071	ethnicity	Q854323
Q2362968	ethnicity	Q854323
Q48289	ethnicity	Q854323
Q470898	ethnicity	Q854323
Q319824	ethnicity	Q854323
Q3617485	ethnicity	Q854323
Q3530125	ethnicity	Q854323
Q7445860	ethnicity	Q854323
Q458978	ethnicity	Q854323
Q6943881	ethnicity	Q854323
Q3506475	ethnicity	Q854323
Q6323063	ethnicity	Q854323
Q3764358	ethnicity	Q854323
Q18124334	ethnicity	Q854323
Q13564545	ethnicity	Q854323
Q8048319	ethnicity	Q854323
Q14943379	ethnicity	Q854323
Q7117525	ethnicity	Q854323
Q5223491	ethnicity	Q854323
Q6167686	ethnicity	Q854323
Q7250587	ethnicity	Q854323
Q7296669	ethnicity	Q854323
Q2107874	ethnicity	Q854323
Q2723457	ethnicity	Q854323
Q11218139	ethnicity	Q854323
Q4837267	ethnicity	Q854323
Q7585712	ethnicity	Q854323
Q6122089	ethnicity	Q854323
Q46683	ethnicity	Q854323
Q793647	ethnicity	Q854323
Q278015	ethnicity	Q854323
Q2097394	ethnicity	Q854323
Q469919	ethnicity	Q854323
Q7246522	ethnicity	Q854323
Q7814774	ethnicity	Q854323
Q2063696	ethnicity	Q854323
Q467960	ethnicity	Q854323
Q313025	ethnicity	Q854323
Q6713144	ethnicity	Q854323
Q82066	ethnicity	Q854323
Q983053	ethnicity	Q854323
Q191311	ethnicity	Q854323
Q1322453	ethnicity	Q854323
Q12070269	ethnicity	Q854323
Q378553	ethnicity	Q854323
Q3523633	ethnicity	Q854323
Q3519488	ethnicity	Q854323
Q3631431	ethnicity	Q854323
Q932829	ethnicity	Q854323
Q3522314	ethnicity	Q854323
Q3441794	ethnicity	Q854323
Q5287753	ethnicity	Q854323
Q6982532	ethnicity	Q854323
Q5278063	ethnicity	Q854323
Q11160831	ethnicity	Q854323
Q252290	ethnicity	Q854323
Q962572	ethnicity	Q854323
Q3504520	ethnicity	Q854323
Q7309776	ethnicity	Q854323
Q7932741	ethnicity	Q854323
Q7844679	ethnicity	Q854323
Q26705046	ethnicity	Q854323
Q7290393	ethnicity	Q854323
Q402203	ethnicity	Q854323
Q13119819	ethnicity	Q854323
Q3520314	ethnicity	Q854323
Q7639214	ethnicity	Q854323
Q33168	ethnicity	Q854323
Q13120775	ethnicity	Q854323
Q442668	ethnicity	Q854323
Q6435847	ethnicity	Q854323
Q290438	ethnicity	Q854323
Q7238271	ethnicity	Q854323
Q360927	ethnicity	Q854323
Q3522075	ethnicity	Q854323
Q4751268	ethnicity	Q854323
Q3765047	ethnicity	Q854323
Q3534989	ethnicity	Q854323
Q6809899	ethnicity	Q854323
Q2926155	ethnicity	Q854323
Q3536772	ethnicity	Q854323
Q7852393	ethnicity	Q854323
Q2074877	ethnicity	Q854323
Q4914024	ethnicity	Q854323
Q13112138	ethnicity	Q854323
Q7426117	ethnicity	Q854323
Q3764233	ethnicity	Q854323
Q4914455	ethnicity	Q854323
Q4921138	ethnicity	Q854323
Q4681489	ethnicity	Q854323
Q6827117	ethnicity	Q854323
Q7420668	ethnicity	Q854323
Q8065108	ethnicity	Q854323
Q3123705	ethnicity	Q854323
Q4204522	ethnicity	Q854323
Q3519495	ethnicity	Q854323
Q357608	ethnicity	Q854323
Q3537628	ethnicity	Q854323
Q3899724	ethnicity	Q854323
Q10993792	ethnicity	Q854323
Q232451	ethnicity	Q854323
Q3121114	ethnicity	Q854323
Q3595537	ethnicity	Q854323
Q466080	ethnicity	Q854323
Q3595189	ethnicity	Q854323
Q16214855	ethnicity	Q854323
Q24005911	ethnicity	Q854323
Q3523662	ethnicity	Q854323
Q7929207	ethnicity	Q854323
Q160554	ethnicity	Q854323
Q3532507	ethnicity	Q854323
Q21622842	ethnicity	Q854323
Q132147	ethnicity	Q854323
Q2886199	ethnicity	Q854323
Q17090343	ethnicity	Q854323
Q12445334	ethnicity	Q854323
Q2050788	ethnicity	Q854323
Q1749451	ethnicity	Q854323
Q4764669	ethnicity	Q854323
Q379762	ethnicity	Q854323
Q16202530	ethnicity	Q854323
Q451278	ethnicity	Q854323
Q3633952	ethnicity	Q854323
Q6986700	ethnicity	Q854323
Q7906130	ethnicity	Q854323
Q7425841	ethnicity	Q854323
Q7916535	ethnicity	Q854323
Q7784157	ethnicity	Q854323
Q7293410	ethnicity	Q854323
Q5006743	ethnicity	Q854323
Q4837608	ethnicity	Q854323
Q10980180	ethnicity	Q854323
Q1974722	ethnicity	Q854323
Q6958274	ethnicity	Q854323
Q16135968	ethnicity	Q854323
Q7395752	ethnicity	Q854323
Q6173112	ethnicity	Q854323
Q7801672	ethnicity	Q854323
Q1380115	ethnicity	Q854323
Q630736	ethnicity	Q854323
Q666495	ethnicity	Q854323
Q9557	ethnicity	Q854323
Q4593	ethnicity	Q854323
Q3534639	ethnicity	Q854323
Q7645720	ethnicity	Q854323
Q6107297	ethnicity	Q854323
Q4904074	ethnicity	Q854323
Q20736444	ethnicity	Q854323
Q7960687	ethnicity	Q854323
Q122304	ethnicity	Q854323
Q5620498	ethnicity	Q854323
Q7042213	ethnicity	Q854323
Q6323960	ethnicity	Q854323
Q468364	ethnicity	Q854323
Q7238147	ethnicity	Q854323
Q3349817	ethnicity	Q854323
Q3519791	ethnicity	Q854323
Q764803	ethnicity	Q854323
Q7117509	ethnicity	Q854323
Q7292961	ethnicity	Q854323
Q6751815	ethnicity	Q854323
Q1968297	ethnicity	Q854323
Q3595148	ethnicity	Q854323
Q6354355	ethnicity	Q854323
Q2590601	ethnicity	Q854323
Q464578	ethnicity	Q854323
Q7490569	ethnicity	Q854323
Q2727551	ethnicity	Q854323
Q3695398	ethnicity	Q854323
Q3494299	ethnicity	Q854323
Q785011	ethnicity	Q854323
Q4396739	ethnicity	Q854323
Q262665	ethnicity	Q854323
Q3498996	ethnicity	Q854323
Q6716074	ethnicity	Q854323
Q1151446	ethnicity	Q854323
Q239505	ethnicity	Q854323
Q3494501	ethnicity	Q854323
Q465060	ethnicity	Q854323
Q726244	ethnicity	Q854323
Q12072216	ethnicity	Q854323
Q1652493	ethnicity	Q854323
Q560178	ethnicity	Q854323
Q5756686	ethnicity	Q854323
Q7668111	ethnicity	Q854323
Q16147618	ethnicity	Q854323
Q3520670	ethnicity	Q854323
Q15964777	ethnicity	Q854323
Q3297625	ethnicity	Q854323
Q16148581	ethnicity	Q854323
Q2824471	ethnicity	Q854323
Q6957509	ethnicity	Q854323
Q5276736	ethnicity	Q854323
Q781236	ethnicity	Q854323
Q7293180	ethnicity	Q854323
Q7377514	ethnicity	Q854323
Q3595531	ethnicity	Q854323
Q1992008	ethnicity	Q854323
Q4667906	ethnicity	Q854323
Q7238263	ethnicity	Q854323
Q5350511	ethnicity	Q854323
Q55406	ethnicity	Q854323
Q465041	ethnicity	Q854323
Q158225	ethnicity	Q854323
Q7280241	ethnicity	Q854323
Q1395430	ethnicity	Q854323
Q6505245	ethnicity	Q854323
Q283512	ethnicity	Q854323
Q231690	ethnicity	Q854323
Q3595327	ethnicity	Q854323
Q465863	ethnicity	Q854323
Q15460378	ethnicity	Q854323
Q3111131	ethnicity	Q854323
Q5512207	ethnicity	Q854323
Q7799555	ethnicity	Q854323
Q156349	ethnicity	Q854323
Q940858	ethnicity	Q854323
Q5269579	ethnicity	Q854323
Q6433821	ethnicity	Q854323
Q6173025	ethnicity	Q854323
Q3518489	ethnicity	Q854323
Q224962	ethnicity	Q854323
Q6414820	ethnicity	Q854323
Q368447	ethnicity	Q854323
Q332157	ethnicity	Q854323
Q3530322	ethnicity	Q854323
Q475162	ethnicity	Q854323
Q2857813	ethnicity	Q854323
Q7289380	ethnicity	Q854323
Q7645646	ethnicity	Q854323
Q3489680	ethnicity	Q854323
Q6270227	ethnicity	Q854323
Q290322	ethnicity	Q854323
Q6712578	ethnicity	Q854323
Q7282987	ethnicity	Q854323
Q2475653	ethnicity	Q854323
Q7273974	ethnicity	Q854323
Q3633308	ethnicity	Q854323
Q6986875	ethnicity	Q854323
Q2162531	ethnicity	Q854323
Q22279250	ethnicity	Q854323
Q9535	ethnicity	Q854323
Q60068	ethnicity	Q854323
Q5636770	ethnicity	Q854323
Q2724411	ethnicity	Q854323
Q3631714	ethnicity	Q854323
Q7286172	ethnicity	Q854323
Q7920468	ethnicity	Q854323
Q3530159	ethnicity	Q854323
Q7801454	ethnicity	Q854323
Q3369214	ethnicity	Q854323
Q5248127	ethnicity	Q854323
Q614907	ethnicity	Q854323
Q3429195	ethnicity	Q854323
Q4779123	ethnicity	Q854323
Q7296358	ethnicity	Q854323
Q4733330	ethnicity	Q854323
Q277729	ethnicity	Q854323
Q7396741	ethnicity	Q854323
Q4515105	ethnicity	Q854323
Q107067	ethnicity	Q854323
Q6323929	ethnicity	Q854323
Q2615641	ethnicity	Q854323
Q1190856	ethnicity	Q854323
Q7387939	ethnicity	Q854323
Q7319335	ethnicity	Q854323
Q738291	ethnicity	Q854323
Q7286816	ethnicity	Q854323
Q7653993	ethnicity	Q854323
Q244689	ethnicity	Q854323
Q560094	ethnicity	Q854323
Q3349343	ethnicity	Q854323
Q235454	ethnicity	Q854323
Q12975497	ethnicity	Q854323
Q6344216	ethnicity	Q854323
Q3595131	ethnicity	Q854323
Q7285329	ethnicity	Q854323
Q7554641	ethnicity	Q854323
Q704859	ethnicity	Q854323
Q555247	ethnicity	Q854323
Q3560543	ethnicity	Q854323
Q16016564	ethnicity	Q854323
Q3534435	ethnicity	Q854323
Q7489057	ethnicity	Q854323
Q6034248	ethnicity	Q854323
Q292943	ethnicity	Q854323
Q7293165	ethnicity	Q854323
Q6750439	ethnicity	Q854323
Q7876965	ethnicity	Q854323
Q2364052	ethnicity	Q854323
Q732397	ethnicity	Q854323
Q3521068	ethnicity	Q854323
Q4838052	ethnicity	Q854323
Q16201858	ethnicity	Q854323
Q7403110	ethnicity	Q854323
Q3621734	ethnicity	Q854323
Q4765754	ethnicity	Q854323
Q2646553	ethnicity	Q854323
Q3595311	ethnicity	Q854323
Q6522573	ethnicity	Q854323
Q3532549	ethnicity	Q854323
Q2700318	ethnicity	Q854323
Q3632609	ethnicity	Q854323
Q466974	ethnicity	Q854323
Q1373377	ethnicity	Q854323
Q19668219	ethnicity	Q854323
Q1391295	ethnicity	Q854323
Q3519936	ethnicity	Q854323
Q7635921	ethnicity	Q854323
Q4805708	ethnicity	Q854323
Q6933426	ethnicity	Q854323
Q158136	ethnicity	Q854323
Q3469329	ethnicity	Q854323
Q466320	ethnicity	Q854323
Q7881500	ethnicity	Q854323
Q3595178	ethnicity	Q854323
Q1990143	ethnicity	Q854323
Q18210247	ethnicity	Q854323
Q7117527	ethnicity	Q854323
Q5957703	ethnicity	Q854323
Q4902221	ethnicity	Q854323
Q7141282	ethnicity	Q854323
Q4777709	ethnicity	Q854323
Q5101846	ethnicity	Q854323
Q6414811	ethnicity	Q854323
Q2053416	ethnicity	Q854323
Q3522069	ethnicity	Q854323
Q5103380	ethnicity	Q854323
Q6165333	ethnicity	Q854323
Q7668736	ethnicity	Q854323
Q2050534	ethnicity	Q854323
Q377870	ethnicity	Q854323
Q7633673	ethnicity	Q854323
Q7286024	ethnicity	Q854323
Q277300	ethnicity	Q854323
Q465830	ethnicity	Q854323
Q3595617	ethnicity	Q854323
Q3165960	ethnicity	Q854323
Q5099484	ethnicity	Q854323
Q7289797	ethnicity	Q854323
Q2820242	ethnicity	Q854323
Q5657975	ethnicity	Q854323
Q312787	ethnicity	Q854323
Q3630187	ethnicity	Q854323
Q1206954	ethnicity	Q854323
Q5620246	ethnicity	Q854323
Q7929277	ethnicity	Q854323
Q3595110	ethnicity	Q854323
Q4692309	ethnicity	Q854323
Q1897475	ethnicity	Q854323
Q3630136	ethnicity	Q854323
Q7585722	ethnicity	Q854323
Q6150807	ethnicity	Q854323
Q9513	ethnicity	Q854323
Q2350423	ethnicity	Q854323
Q5529964	ethnicity	Q854323
Q5584286	ethnicity	Q854323
Q7117276	ethnicity	Q854323
Q2845331	ethnicity	Q854323
Q7668439	ethnicity	Q854323
Q17859733	ethnicity	Q854323
Q2086574	ethnicity	Q854323
Q3499101	ethnicity	Q854323
Q3286556	ethnicity	Q854323
Q167829	ethnicity	Q854323
Q16189502	ethnicity	Q854323
Q7282956	ethnicity	Q854323
Q155111	ethnicity	Q854323
Q7684462	ethnicity	Q854323
Q13651734	ethnicity	Q854323
Q16200960	ethnicity	Q854323
Q2721714	ethnicity	Q854323
Q312783	ethnicity	Q854323
Q5512132	ethnicity	Q854323
Q3630695	ethnicity	Q854323
Q3534654	ethnicity	Q854323
Q559774	ethnicity	Q854323
Q7668684	ethnicity	Q854323
Q7688141	ethnicity	Q854323
Q6122250	ethnicity	Q854323
Q2726196	ethnicity	Q854323
Q4667422	ethnicity	Q854323
Q725970	ethnicity	Q854323
Q16310575	ethnicity	Q854323
Q317769	ethnicity	Q854323
Q7397582	ethnicity	Q854323
Q4850120	ethnicity	Q854323
Q7653795	ethnicity	Q854323
Q312557	ethnicity	Q854323
Q3595263	ethnicity	Q854323
Q3635459	ethnicity	Q854323
Q3200364	ethnicity	Q854323
Q330315	ethnicity	Q854323
Q2995800	ethnicity	Q854323
Q36881	ethnicity	Q854323
Q3595303	ethnicity	Q854323
Q7487492	ethnicity	Q854323
Q297950	ethnicity	Q854323
Q560163	ethnicity	Q854323
Q17151945	ethnicity	Q854323
Q3595934	ethnicity	Q854323
Q6323931	ethnicity	Q854323
Q6220670	ethnicity	Q3244280
Q6257086	ethnicity	Q3244280
Q6265184	ethnicity	Q3244280
Q6787008	ethnicity	Q3244280
Q8018209	ethnicity	Q3244280
Q298360	ethnicity	Q6183603
Q665768	ethnicity	Q6183603
Q366584	ethnicity	Q6183603
Q5203854	ethnicity	Q6183603
Q490290	ethnicity	Q6183603
Q7704762	ethnicity	Q6183603
Q1072969	ethnicity	Q6183603
Q609090	ethnicity	Q6183603
Q240238	ethnicity	Q6183603
Q153481	ethnicity	Q6183603
Q374479	ethnicity	Q6183603
Q16736727	ethnicity	Q6183603
Q40475	ethnicity	Q6183603
Q6219344	ethnicity	Q6183603
Q233648	ethnicity	Q6183603
Q5538641	ethnicity	Q6183603
Q3246742	ethnicity	Q6183603
Q706697	ethnicity	Q6183603
Q3852272	ethnicity	Q6183603
Q242605	ethnicity	Q6183603
Q607678	ethnicity	Q6183603
Q7306656	ethnicity	Q6183603
Q223151	ethnicity	Q6183603
Q49004	ethnicity	Q6183603
Q7708767	ethnicity	Q6183603
Q1139628	ethnicity	Q6183603
Q1345099	ethnicity	Q6183603
Q234900	ethnicity	Q6183603
Q20090224	ethnicity	Q6183603
Q235478	ethnicity	Q6183603
Q1147551	ethnicity	Q6183603
Q16730334	ethnicity	Q6183603
Q5305626	ethnicity	Q6183603
Q2082509	ethnicity	Q6183603
Q4948050	ethnicity	Q6183603
Q3311884	ethnicity	Q6183603
Q1354843	ethnicity	Q6183603
Q2733992	ethnicity	Q6183603
Q272176	ethnicity	Q6183603
Q704683	ethnicity	Q6183603
Q239928	ethnicity	Q6183603
Q6788396	ethnicity	Q6183603
Q13561884	ethnicity	Q6183603
Q299309	ethnicity	Q6183603
Q161916	ethnicity	Q6183603
Q2658030	ethnicity	Q6183603
Q202350	ethnicity	Q6183603
Q651820	ethnicity	Q6183603
Q449616	ethnicity	Q6183603
Q2414249	ethnicity	Q6183603
Q1319653	ethnicity	Q6183603
Q6374151	ethnicity	Q6183603
Q233786	ethnicity	Q6183603
Q962579	ethnicity	Q6183603
Q272972	ethnicity	Q6183603
Q311050	ethnicity	Q6183603
Q241701	ethnicity	Q6183603
Q16214374	ethnicity	Q6183603
Q922368	ethnicity	Q6183603
Q6227264	ethnicity	Q6183603
Q135794	ethnicity	Q6183603
Q3120677	ethnicity	Q6183603
Q172044	ethnicity	Q6183603
Q2964780	ethnicity	Q6183603
Q7166214	ethnicity	Q6183603
Q6773585	ethnicity	Q6183603
Q223687	ethnicity	Q6183603
Q693360	ethnicity	Q6183603
Q202937	ethnicity	Q6183603
Q16736688	ethnicity	Q6183603
Q231228	ethnicity	Q6183603
Q1689145	ethnicity	Q6183603
Q1375311	ethnicity	Q6183603
Q246462	ethnicity	Q6183603
Q2298882	ethnicity	Q6183603
Q2063709	ethnicity	Q6183603
Q589015	ethnicity	Q6183603
Q4956761	ethnicity	Q6183603
Q7812239	ethnicity	Q6183603
Q949514	ethnicity	Q6183603
Q5046571	ethnicity	Q6183603
Q512592	ethnicity	Q6183603
Q2158789	ethnicity	Q6183603
Q436209	ethnicity	Q6183603
Q1333275	ethnicity	Q6183603
Q152773	ethnicity	Q6183603
Q237918	ethnicity	Q6183603
Q24057	ethnicity	Q6183603
Q1040593	ethnicity	Q6183603
Q685149	ethnicity	Q6183603
Q255577	ethnicity	Q6183603
Q3091031	ethnicity	Q6183603
Q232201	ethnicity	Q6183603
Q556589	ethnicity	Q6183603
Q257302	ethnicity	Q6183603
Q229038	ethnicity	Q6183603
Q1541060	ethnicity	Q6183603
Q553575	ethnicity	Q6183603
Q228868	ethnicity	Q6183603
Q5487955	ethnicity	Q6183603
Q5041148	ethnicity	Q6183603
Q2865317	ethnicity	Q6183603
Q1397912	ethnicity	Q6183603
Q711612	ethnicity	Q6183603
Q270869	ethnicity	Q6183603
Q1679603	ethnicity	Q6183603
Q152929	ethnicity	Q6183603
Q5140470	ethnicity	Q6183603
Q188955	ethnicity	Q6183603
Q3018580	ethnicity	Q6183603
Q3642356	ethnicity	Q6183603
Q443292	ethnicity	Q6183603
Q974936	ethnicity	Q6183603
Q1017770	ethnicity	Q6183603
Q2407212	ethnicity	Q6183603
Q181716	ethnicity	Q6183603
Q380639	ethnicity	Q6183603
Q1339524	ethnicity	Q6183603
Q1017117	ethnicity	Q6183603
Q465657	ethnicity	Q6183603
Q736518	ethnicity	Q6183603
Q354496	ethnicity	Q6183603
Q107769	ethnicity	Q6183603
Q44410	ethnicity	Q6183603
Q2063424	ethnicity	Q6183603
Q200768	ethnicity	Q6183603
Q3235190	ethnicity	Q6183603
Q862359	ethnicity	Q6183603
Q47284	ethnicity	Q6183603
Q5605224	ethnicity	Q6183603
Q16751630	ethnicity	Q6183603
Q21642440	ethnicity	Q6183603
Q372704	ethnicity	Q6183603
Q7507735	ethnicity	Q6183603
Q954997	ethnicity	Q6183603
Q456592	ethnicity	Q6183603
Q316647	ethnicity	Q6183603
Q1106673	ethnicity	Q6183603
Q7151989	ethnicity	Q6183603
Q36153	ethnicity	Q6183603
Q313578	ethnicity	Q6183603
Q322552	ethnicity	Q6183603
Q323647	ethnicity	Q6183603
Q600903	ethnicity	Q6183603
Q648750	ethnicity	Q6183603
Q528103	ethnicity	Q6183603
Q724088	ethnicity	Q6183603
Q2312739	ethnicity	Q6183603
Q450047	ethnicity	Q6183603
Q1691407	ethnicity	Q6183603
Q328657	ethnicity	Q6183603
Q1496395	ethnicity	Q6183603
Q21170616	ethnicity	Q6183603
Q256334	ethnicity	Q6183603
Q656169	ethnicity	Q6183603
Q246538	ethnicity	Q6183603
Q257271	ethnicity	Q6183603
Q716424	ethnicity	Q6183603
Q11132	ethnicity	Q6183603
Q311293	ethnicity	Q6183603
Q235278	ethnicity	Q6183603
Q16208394	ethnicity	Q6183603
Q228882	ethnicity	Q6183603
Q339892	ethnicity	Q6183603
Q5205355	ethnicity	Q6183603
Q165911	ethnicity	Q6183603
Q270390	ethnicity	Q6183603
Q602951	ethnicity	Q6183603
Q709640	ethnicity	Q6183603
Q122614	ethnicity	Q6183603
Q5236790	ethnicity	Q6183603
Q2157231	ethnicity	Q6183603
Q7148517	ethnicity	Q6183603
Q221997	ethnicity	Q6183603
Q538543	ethnicity	Q6183603
Q443751	ethnicity	Q6183603
Q471032	ethnicity	Q6183603
Q332635	ethnicity	Q6183603
Q559349	ethnicity	Q6183603
