Q2643271	relation	Q16059376
Q6144723	relation	Q6144723
Q16230536	relation	Q15971368
Q282480	relation	Q15971368
Q16059376	relation	Q15971368
Q15971368	relation	Q15971368
Q7345028	relation	Q7345028
Q7412014	relation	Q16230536
Q16230536	relation	Q16230536
Q532329	relation	Q532329
Q7351011	relation	Q16066051
Q2643271	relation	Q16066051
Q34821	relation	Q467861
Q16059376	relation	Q16059376
Q15971368	relation	Q15971368
Q282480	relation	Q15971368
Q16230536	relation	Q15971368
Q7345028	relation	Q7345028
Q7412014	relation	Q16230536
Q16066051	relation	Q16066051
Q7351011	relation	Q16066051
Q2643271	relation	Q16066051
Q467861	relation	Q467861
Q7351011	relation	Q16066051
Q16230536	relation	Q16066051
Q16856066	relation	Q16856066
Q16066051	relation	Q16059376
Q16026314	relation	Q16026314
Q16066051	relation	Q16026314
Q7351011	relation	Q16026314
Q6144723	relation	Q6144723
Q16059376	relation	Q16026314
Q282480	relation	Q16026314
Q15971368	relation	Q16026314
Q2643271	relation	Q16026314
Q7412014	relation	Q16230536
Q5112377	relation	Q25310
Q5112377	relation	Q258661
Q2643271	relation	Q16066051
Q467861	relation	Q467861
Q15971368	relation	Q16026314
Q15971368	relation	Q15971368
Q15971368	relation	Q282480
Q16066051	relation	Q16059376
Q16066051	relation	Q16066051
Q16066051	relation	Q7351011
Q16066051	relation	Q16026314
Q16059376	relation	Q7412014
Q16059376	relation	Q16059376
Q16059376	relation	Q15971368
Q16059376	relation	Q16026314
Q7351011	relation	Q16026314
Q7345028	relation	Q7345028
Q16230536	relation	Q7412014
Q532329	relation	Q532329
Q465770	relation	Q465770
Q727099	relation	Q727099
Q16230536	relation	Q16066051
Q16066051	relation	Q16066051
Q7351011	relation	Q16066051
Q728833	relation	Q728833
Q15257	relation	Q15257
Q16059376	relation	Q16059376
Q16066051	relation	Q16059376
Q16230536	relation	Q16026314
Q16059376	relation	Q16026314
Q7351011	relation	Q16026314
Q16066051	relation	Q16026314
Q8573	relation	Q8573
Q2736550	relation	Q2736550
Q183105	relation	Q183105
Q8016	relation	Q183105
Q34821	relation	Q25310
Q34821	relation	Q258661
Q1525924	relation	Q1525924
Q6144723	relation	Q6144723
Q282480	relation	Q16026314
Q2643271	relation	Q16026314
Q7412014	relation	Q16230536
Q16230536	relation	Q16230536
Q258661	relation	Q25310
Q9696	relation	Q25310
Q25310	relation	Q25310
Q258661	relation	Q258661
Q9696	relation	Q258661
Q25310	relation	Q258661
Q6397088	relation	Q6397088
Q5112377	relation	Q258661
Q336347	relation	Q1316
Q7351011	relation	Q16066051
Q4282702	relation	Q234695
Q219256	relation	Q311207
Q232532	relation	Q5298586
Q538633	relation	Q233686
Q106997	relation	Q205314
Q15971368	relation	Q16026314
Q16230536	relation	Q16026314
Q6144723	relation	Q16856066
Q106997	relation	Q162389
Q207	relation	Q23505
Q221997	relation	Q23505
Q221997	relation	Q190628
Q207	relation	Q190628
Q5112377	relation	Q25310
Q1770472	relation	Q9588
Q7841119	relation	Q9588
Q538633	relation	Q9916
