Q477577	successor	Q883737
Q888281	successor	Q6387338
Q328508	successor	Q651820
Q352	successor	Q47906
Q2577822	successor	Q8789850
Q297308	successor	Q1381825
Q3565744	successor	Q5344519
Q3565744	successor	Q3568707
Q362969	successor	Q221997
Q43144	successor	Q5218668
Q545307	successor	Q4931979
Q545307	successor	Q1689145
Q335310	successor	Q369988
Q1896096	successor	Q3349343
Q609090	successor	Q4931979
Q609090	successor	Q237918
Q11674	successor	Q5246465
Q11674	successor	Q7493559
Q201646	successor	Q179090
Q714909	successor	Q6524265
Q714909	successor	Q1340268
Q714909	successor	Q218511
Q714909	successor	Q6756846
Q714909	successor	Q959610
Q234994	successor	Q1494930
Q658506	successor	Q5709851
Q1897029	successor	Q1391309
Q1897029	successor	Q1338044
Q333781	successor	Q1363572
Q333781	successor	Q1606473
Q512172	successor	Q528382
Q512172	successor	Q7327292
Q512172	successor	Q3525207
Q336750	successor	Q363671
Q336750	successor	Q1607143
Q336750	successor	Q3357234
Q336750	successor	Q76821
Q336750	successor	Q19825
Q336750	successor	Q3181612
Q839673	successor	Q21078465
Q3438150	successor	Q1429468
Q3438150	successor	Q3056435
Q3438150	successor	Q1354851
Q3438150	successor	Q768144
Q368192	successor	Q719808
Q880290	successor	Q609090
Q880290	successor	Q4931979
Q439729	successor	Q350663
Q351238	successor	Q880797
Q351238	successor	Q1334578
Q351238	successor	Q529873
Q880078	successor	Q777975
Q2607962	successor	Q8789850
Q356929	successor	Q2903273
Q356929	successor	Q16151544
Q356929	successor	Q218511
Q356929	successor	Q1340268
Q3532549	successor	Q6063091
Q3532549	successor	Q1190856
Q3532549	successor	Q1058
Q881227	successor	Q886090
Q725740	successor	Q777975
Q362669	successor	Q358437
Q661668	successor	Q736772
Q237786	successor	Q6166533
Q461709	successor	Q6756846
Q461709	successor	Q356929
Q461709	successor	Q6524265
Q11595	successor	Q1385500
Q311197	successor	Q724121
Q457432	successor	Q513243
Q529873	successor	Q888281
Q529873	successor	Q434031
Q529873	successor	Q1363468
Q529873	successor	Q2032949
Q529873	successor	Q6387338
Q6002323	successor	Q417657
Q879261	successor	Q320061
Q215057	successor	Q719568
Q527553	successor	Q3036086
Q334505	successor	Q1363572
Q334505	successor	Q1361191
Q334505	successor	Q76821
Q983744	successor	Q2646553
Q887327	successor	Q538669
Q69319	successor	Q1363468
Q477577	successor	Q883737
Q465295	successor	Q434031
Q465295	successor	Q2032949
Q237918	successor	Q719568
Q237918	successor	Q215057
Q237918	successor	Q4931979
Q152451	successor	Q2903273
Q152451	successor	Q669266
Q152451	successor	Q461391
Q152451	successor	Q6397820
Q152451	successor	Q4666597
Q152451	successor	Q356929
Q1287644	successor	Q515924
Q1287644	successor	Q528382
Q336465	successor	Q7327292
Q335965	successor	Q5498050
Q521145	successor	Q2549728
Q521145	successor	Q7493559
Q2607896	successor	Q8020299
Q2607896	successor	Q8789850
Q264874	successor	Q5342728
Q1897276	successor	Q541217
Q1897276	successor	Q6845925
Q1897276	successor	Q1803998
Q1897276	successor	Q442238
Q374960	successor	Q880797
Q76821	successor	Q328232
Q76821	successor	Q328269
Q76821	successor	Q1356502
Q76821	successor	Q646529
Q76821	successor	Q328286
Q538609	successor	Q22260
Q538609	successor	Q562174
Q11675	successor	Q7493559
Q720121	successor	Q2435200
Q881069	successor	Q937285
Q881141	successor	Q22260
Q639207	successor	Q4964387
Q119255	successor	Q547218
Q555247	successor	Q1380115
Q3182815	successor	Q735387
Q737493	successor	Q39593
Q735212	successor	Q2147074
Q461553	successor	Q1689147
Q151891	successor	Q3036410
Q151891	successor	Q538669
Q6231898	successor	Q7117559
Q6231898	successor	Q378404
Q335510	successor	Q363671
Q335510	successor	Q328232
Q372022	successor	Q39593
Q207	successor	Q202350
Q207	successor	Q719568
Q207	successor	Q3467171
Q207	successor	Q4931979
Q207	successor	Q152019
Q334072	successor	Q2096387
Q223545	successor	Q708904
Q672428	successor	Q4964387
Q672428	successor	Q714516
Q603107	successor	Q5760198
Q359460	successor	Q1385500
Q11669	successor	Q5725737
Q35041	successor	Q505759
Q516594	successor	Q448813
Q229300	successor	Q466482
Q737491	successor	Q22338
Q560427	successor	Q538609
Q881361	successor	Q881069
Q724121	successor	Q1994957
Q724121	successor	Q1531081
Q1392013	successor	Q328286
Q1392013	successor	Q646529
Q1392013	successor	Q1356502
Q2439532	successor	Q7327292
Q187516	successor	Q530386
Q2577723	successor	Q6230006
Q1124	successor	Q889195
Q1124	successor	Q937285
Q1124	successor	Q6294
Q889831	successor	Q257237
Q44639	successor	Q5218668
Q3764358	successor	Q469919
Q311141	successor	Q1525924
Q464245	successor	Q11869
Q888281	successor	Q6387338
Q335657	successor	Q1361191
Q335657	successor	Q980417
Q11668	successor	Q5725737
Q23685	successor	Q219353
Q434902	successor	Q5203737
Q434902	successor	Q7794795
Q453942	successor	Q337470
Q559822	successor	Q5203737
Q313776	successor	Q593533
Q272774	successor	Q817605
Q887337	successor	Q705498
Q887337	successor	Q957690
Q732804	successor	Q705961
Q615126	successor	Q2832449
Q2685	successor	Q4666597
Q2685	successor	Q2903273
Q2685	successor	Q461739
Q2685	successor	Q1340268
Q2685	successor	Q16151544
Q9960	successor	Q1313779
Q9960	successor	Q193426
Q3918416	successor	Q140144
Q886068	successor	Q886090
Q356361	successor	Q3181612
Q3518911	successor	Q7287916
Q2579525	successor	Q945390
Q2579525	successor	Q1361191
Q2579525	successor	Q328232
Q295492	successor	Q3317069
Q295492	successor	Q6166533
Q2462181	successor	Q1607143
Q744098	successor	Q358437
Q337005	successor	Q328286
Q142462	successor	Q1689147
Q241788	successor	Q2023708
Q8007	successor	Q83396
Q24015	successor	Q6262874
Q328508	successor	Q651820
Q1897475	successor	Q1775400
Q23368	successor	Q15024
Q2607987	successor	Q8789850
Q368339	successor	Q39593
Q319099	successor	Q22316
Q651820	successor	Q342586
Q720527	successor	Q343830
Q262440	successor	Q813332
Q328527	successor	Q368339
Q886090	successor	Q1699398
Q6221385	successor	Q6166533
Q333905	successor	Q249192
Q127417	successor	Q301804
Q236941	successor	Q616430
Q7117559	successor	Q1764541
Q878398	successor	Q959976
Q878398	successor	Q1235648
Q3633158	successor	Q15436842
Q685992	successor	Q12306
Q11676	successor	Q7493559
Q333507	successor	Q173563
Q5539833	successor	Q5760198
Q5539833	successor	Q7117559
Q460291	successor	Q3036410
Q39593	successor	Q721871
Q352	successor	Q47906
Q332157	successor	Q2646553
Q2579853	successor	Q5344519
Q2984759	successor	Q134068
Q221997	successor	Q358437
Q13631996	successor	Q465018
Q3643409	successor	Q159397
Q880976	successor	Q6375399
Q11673	successor	Q7493559
Q878516	successor	Q2579774
Q322827	successor	Q381880
Q469689	successor	Q1827902
Q513243	successor	Q813332
Q714516	successor	Q4964387
Q1955551	successor	Q982280
Q33866	successor	Q237590
Q1380115	successor	Q1775400
Q494930	successor	Q301804
Q7289466	successor	Q1190856
Q323417	successor	Q451912
Q240274	successor	Q7637972
Q735247	successor	Q887327
Q532220	successor	Q3177447
Q528230	successor	Q880976
