Body,Head,Head Coverage,Standard_Confidence,Pca_Confidence,Support,Body_Size,Pca_Body_Size,Functional_variable,PCA_valid,PCA_invalid,PCA_valid_proportion,PCA_invalid_proportion,Support_valid,Support_invalid,PCABody_valid,PCABody_invalid
?b  hasChild  ?a  ?b  isMarriedTo  ?a   ,?a  isMarriedTo  ?b,0.016337,1.0,1.0,62.0,62.0,62.0,?a,1.0,1.0,0.9333333333333333,0.06666666666666667,56,4,56,4
?a  hasChild  ?b  ?b  isMarriedTo  ?a   ,?a  isMarriedTo  ?b,0.016337,1.0,1.0,62.0,62.0,62.0,?a,1.0,1.0,0.9830508474576272,0.01694915254237288,58,1,58,1
?b  dealsWith  ?a  ?b  hasNeighbor  ?a   ,?a  hasNeighbor  ?b,0.301075,1.0,1.0,168.0,168.0,168.0,?b,1.0,0.0,1.0,0.0,84,0,84,0
?b  hasNeighbor  ?a   ,?a  hasNeighbor  ?b,0.996416,0.996416,0.998205,556.0,558.0,557.0,?b,1.0,0.0,1.0,0.0,147,0,147,0
?b  isMarriedTo  ?a   ,?a  isMarriedTo  ?b,0.980237,0.980237,0.988573,3720.0,3795.0,3763.0,?a,1.0,1.0,0.9727784730913642,0.027221526908635794,3109,87,3109,87
?a  hasAcademicAdvisor  ?f  ?f  hasGender  ?b   ,?a  hasGender  ?b,0.011502,0.957606,0.961202,768.0,802.0,799.0,?a,0.9755102040816327,0.9456869009584664,0.6175710594315246,0.38242894056847543,478,296,490,313
?a  playsFor  ?b   ,?a  isAffiliatedTo  ?b,0.753076,0.876466,0.954666,284018.0,324049.0,297505.0,?a,0.0,0.9997412373559162,0.0,1.0,0,42499,255,42510
?a  hasChild  ?f  ?f  isCitizenOf  ?b   ,?a  isCitizenOf  ?b,0.023837,0.359307,0.922222,83.0,231.0,90.0,?a,0.8888888888888888,0.9577464788732394,0.10526315789473684,0.8947368421052632,8,68,9,71
?e  hasChild  ?a  ?e  isCitizenOf  ?b   ,?a  isCitizenOf  ?b,0.024124,0.330709,0.913043,84.0,254.0,92.0,?a,0.75,0.9577464788732394,0.08108108108108109,0.918918918918919,6,68,8,71
?b  hasCapital  ?a  ?b  isLocatedIn  ?a   ,?a  isLocatedIn  ?b,0.010277,0.910891,0.911794,920.0,1010.0,1009.0,?a,0.9268547544409613,0.0,1.0,0.0,887,0,957,0
?e  hasChild  ?a  ?e  isPoliticianOf  ?b   ,?a  isPoliticianOf  ?b,0.451052,0.756135,0.893116,986.0,1304.0,1104.0,?a,0.9756944444444444,0.9886363636363636,0.9064516129032258,0.0935483870967742,843,87,864,88
?a  isMarriedTo  ?f  ?f  isPoliticianOf  ?b   ,?a  isPoliticianOf  ?b,0.029735,0.380117,0.878378,65.0,171.0,74.0,?a,0.9322033898305084,0.8181818181818182,0.859375,0.140625,55,9,59,11
?e  isMarriedTo  ?a  ?e  isPoliticianOf  ?b   ,?a  isPoliticianOf  ?b,0.029735,0.382353,0.878378,65.0,170.0,74.0,?a,0.9322033898305084,0.8181818181818182,0.859375,0.140625,55,9,59,11
?a  hasChild  ?f  ?f  isPoliticianOf  ?b   ,?a  isPoliticianOf  ?b,0.427722,0.725932,0.875468,935.0,1288.0,1068.0,?a,0.9725343320848939,0.970873786407767,0.8862343572241184,0.11376564277588168,779,100,801,103
?e  hasGender  ?b  ?e  influences  ?a   ,?a  hasGender  ?b,0.037082,0.847945,0.852324,2476.0,2920.0,2905.0,?a,0.9439210408254822,0.9429280397022333,0.8470209339774557,0.1529790660225443,2104,380,2229,403
?e  hasChild  ?a  ?e  isPoliticianOf  ?b   ,?a  isCitizenOf  ?b,0.030442,0.081288,0.84127,106.0,1304.0,126.0,?a,0.6666666666666666,0.9259259259259259,0.05660377358490566,0.9433962264150944,6,100,9,108
?a  isAffiliatedTo  ?b   ,?a  playsFor  ?b,0.876466,0.753076,0.83311,284018.0,377144.0,340913.0,?a,0.0,0.9997412373559162,0.0,1.0,0,42499,255,42510
?a  hasChild  ?f  ?f  isCitizenOf  ?b   ,?a  isPoliticianOf  ?b,0.056725,0.536797,0.832215,124.0,231.0,149.0,?a,0.8651685393258427,0.94,0.6209677419354839,0.3790322580645161,77,47,89,50
?f  hasGender  ?b  ?a  influences  ?f   ,?a  hasGender  ?b,0.030867,0.805393,0.805708,2061.0,2559.0,2558.0,?a,0.9424986931521171,0.9326241134751773,0.8727008712487899,0.12729912875121008,1803,263,1913,282
?f  isInterestedIn  ?b  ?a  isInterestedIn  ?f   ,?a  isInterestedIn  ?b,0.016461,0.8,0.8,4.0,5.0,5.0,?a,0.6666666666666666,0.0,1.0,0.0,2,0,3,0
?a  hasChild  ?f  ?f  isPoliticianOf  ?b   ,?a  isCitizenOf  ?b,0.03475,0.093944,0.796053,121.0,1288.0,152.0,?a,0.6666666666666666,0.9112903225806451,0.06611570247933884,0.9338842975206612,8,113,12,124
?e  hasOfficialLanguage  ?b  ?e  isLocatedIn  ?a   ,?a  hasOfficialLanguage  ?b,0.076667,0.114428,0.793103,23.0,201.0,29.0,?a,1.0,0.0,1.0,0.0,17,0,17,0
?b  isLocatedIn  ?a  ?a  isLocatedIn  ?b   ,?a  hasCapital  ?b,0.35535,0.157211,0.790378,920.0,5852.0,1164.0,?a,0.964172813487882,0.0,1.0,0.0,915,0,949,0
?e  hasChild  ?a  ?e  isCitizenOf  ?b   ,?a  isPoliticianOf  ?b,0.065416,0.562992,0.785714,143.0,254.0,182.0,?a,0.8272727272727273,0.9454545454545454,0.6363636363636364,0.36363636363636365,91,52,110,55
?a  isCitizenOf  ?b   ,?a  isPoliticianOf  ?b,0.091949,0.057725,0.755639,201.0,3482.0,266.0,?a,0.0,0.9302325581395349,0.0,1.0,0,200,22,215
?a  isPoliticianOf  ?b   ,?a  isCitizenOf  ?b,0.057725,0.091949,0.747212,201.0,2186.0,269.0,?a,0.0,0.9302325581395349,0.0,1.0,0,200,22,215
?a  hasChild  ?f  ?f  hasGender  ?b   ,?a  hasGender  ?b,0.033503,0.671974,0.698408,2237.0,3329.0,3203.0,?a,0.8253411306042885,0.8774193548387097,0.939636040834443,0.060363959165557035,2117,136,2565,155
?f  hasOfficialLanguage  ?b  ?a  isLocatedIn  ?f   ,?a  hasOfficialLanguage  ?b,0.18,0.003847,0.692308,54.0,14037.0,78.0,?a,0.9375,0.0,1.0,0.0,45,0,48,0
?b  hasCapital  ?a   ,?a  isLocatedIn  ?b,0.019716,0.68173,0.684109,1765.0,2589.0,2580.0,?a,0.8402366863905325,0.0,1.0,0.0,1562,0,1859,0
?e  hasChild  ?a  ?e  hasGender  ?b   ,?a  hasGender  ?b,0.036573,0.653465,0.678333,2442.0,3737.0,3600.0,?a,0.8721017202692596,0.8543046357615894,0.9475822836245429,0.052417716375457134,2332,129,2674,151
?b  isConnectedTo  ?a   ,?a  isConnectedTo  ?b,0.66813,0.66813,0.677601,21606.0,32338.0,31886.0,?b,0.9905020352781547,0.0,1.0,0.0,1460,0,1474,0
?f  hasCurrency  ?b  ?a  hasNeighbor  ?f   ,?a  hasCurrency  ?b,0.163636,0.211765,0.666667,18.0,85.0,27.0,?a,0.782608695652174,0.0,1.0,0.0,18,0,23,0
?e  hasCurrency  ?b  ?e  hasNeighbor  ?a   ,?a  hasCurrency  ?b,0.163636,0.211765,0.666667,18.0,85.0,27.0,?a,0.782608695652174,0.0,1.0,0.0,18,0,23,0
?f  hasChild  ?b  ?a  isMarriedTo  ?f   ,?a  hasChild  ?b,0.313246,0.58388,0.58388,1601.0,2742.0,2742.0,?b,0.856996935648621,0.75,0.9858989424206815,0.01410105757931845,839,12,979,16
?e  hasChild  ?b  ?e  isMarriedTo  ?a   ,?a  hasChild  ?b,0.313246,0.579024,0.579024,1601.0,2765.0,2765.0,?b,0.856996935648621,0.75,0.9858989424206815,0.01410105757931845,839,12,979,16
?a  actedIn  ?b  ?a  directed  ?b   ,?a  created  ?b,0.030973,0.384752,0.571053,217.0,564.0,380.0,?b,0.7837837837837838,0.5555555555555556,0.9666666666666667,0.03333333333333333,145,5,185,9
?f  hasCurrency  ?b  ?a  isLocatedIn  ?f   ,?a  hasCurrency  ?b,0.081818,0.000555,0.5625,9.0,16224.0,16.0,?a,0.5625,0.0,1.0,0.0,9,0,16,0
?a  actedIn  ?b  ?a  created  ?b   ,?a  directed  ?b,0.039241,0.453027,0.54386,217.0,479.0,399.0,?b,0.8841463414634146,0.8333333333333334,0.9666666666666667,0.03333333333333333,145,5,164,6
?a  hasCapital  ?b  ?b  isLocatedIn  ?a   ,?a  isLocatedIn  ?b,0.010277,0.521246,0.539906,920.0,1765.0,1704.0,?a,0.5857874519846351,0.0,1.0,0.0,915,0,1562,0
?a  hasAcademicAdvisor  ?f  ?f  isCitizenOf  ?b   ,?a  isCitizenOf  ?b,0.076967,0.362652,0.536,268.0,739.0,500.0,?a,0.621301775147929,0.7710280373831776,0.3888888888888889,0.6111111111111112,105,165,169,214
?a  directed  ?f  ?f  isLocatedIn  ?b   ,?a  isCitizenOf  ?b,0.011775,0.015935,0.5125,41.0,2573.0,80.0,?a,0.8,0.8787878787878788,0.2926829268292683,0.7073170731707317,12,29,15,33
?a  hasNeighbor  ?f  ?f  hasOfficialLanguage  ?b   ,?a  hasOfficialLanguage  ?b,0.253333,0.330435,0.493506,76.0,230.0,154.0,?a,0.8255813953488372,0.0,1.0,0.0,71,0,86,0
?e  hasNeighbor  ?a  ?e  hasOfficialLanguage  ?b   ,?a  hasOfficialLanguage  ?b,0.253333,0.331878,0.493506,76.0,229.0,154.0,?a,0.8255813953488372,0.0,1.0,0.0,71,0,86,0
?e  hasAcademicAdvisor  ?a  ?e  isCitizenOf  ?b   ,?a  isCitizenOf  ?b,0.057725,0.328969,0.487864,201.0,611.0,412.0,?a,0.7478260869565218,0.7651006711409396,0.43,0.57,86,114,115,149
?a  isCitizenOf  ?b   ,?a  livesIn  ?b,0.139156,0.120333,0.471316,419.0,3482.0,889.0,?a,0.5342019543973942,0.5328798185941043,0.41102756892230574,0.5889724310776943,164,235,307,441
?b  dealsWith  ?a  ?a  dealsWith  ?b   ,?a  hasNeighbor  ?b,0.100358,0.345679,0.466667,56.0,162.0,120.0,?b,0.75,0.0,1.0,0.0,48,0,64,0
?a  isMarriedTo  ?f  ?f  livesIn  ?b   ,?a  livesIn  ?b,0.019263,0.161111,0.464,58.0,360.0,125.0,?a,0.5423728813559322,0.6666666666666666,0.7619047619047619,0.23809523809523808,32,10,59,15
?e  isMarriedTo  ?a  ?e  livesIn  ?b   ,?a  livesIn  ?b,0.019263,0.161111,0.464,58.0,360.0,125.0,?a,0.5423728813559322,0.6666666666666666,0.7619047619047619,0.23809523809523808,32,10,59,15
?e  isInterestedIn  ?a  ?e  isInterestedIn  ?b   ,?a  isInterestedIn  ?b,0.024691,0.049587,0.461538,6.0,121.0,13.0,?a,0.6666666666666666,1.0,0.6666666666666666,0.3333333333333333,2,1,3,1
?a  isLeaderOf  ?b   ,?a  isPoliticianOf  ?b,0.064044,0.144928,0.454545,140.0,966.0,308.0,?a,0.5670995670995671,0.42857142857142855,0.9357142857142857,0.06428571428571428,131,9,231,21
?e  hasCapital  ?a  ?e  isLocatedIn  ?b   ,?a  isLocatedIn  ?b,0.022833,0.450916,0.452312,2044.0,4533.0,4519.0,?a,0.8241262683201804,0.0,1.0,0.0,1462,0,1774,0
?a  hasAcademicAdvisor  ?f  ?f  isCitizenOf  ?b   ,?a  livesIn  ?b,0.033876,0.138024,0.437768,102.0,739.0,233.0,?a,0.504950495049505,0.6710526315789473,0.5,0.5,51,51,101,76
?a  hasAcademicAdvisor  ?f  ?f  livesIn  ?b   ,?a  livesIn  ?b,0.022916,0.17207,0.436709,69.0,401.0,158.0,?a,0.5753424657534246,0.6136363636363636,0.6086956521739131,0.391304347826087,42,27,73,44
?a  hasCapital  ?b   ,?a  isLocatedIn  ?b,0.011282,0.390112,0.419609,1010.0,2589.0,2407.0,?a,0.4928746928746929,0.0,1.0,0.0,1003,0,2035,0
?a  influences  ?f  ?f  isCitizenOf  ?b   ,?a  isCitizenOf  ?b,0.064331,0.115345,0.39576,224.0,1942.0,566.0,?a,0.5821917808219178,0.7237569060773481,0.39351851851851855,0.6064814814814815,85,131,146,181
?e  dealsWith  ?a  ?e  hasCurrency  ?b   ,?a  hasCurrency  ?b,0.154545,0.137097,0.395349,17.0,124.0,43.0,?a,0.8095238095238095,0.0,1.0,0.0,17,0,21,0
?e  hasAcademicAdvisor  ?a  ?e  livesIn  ?b   ,?a  livesIn  ?b,0.019263,0.165714,0.394558,58.0,350.0,147.0,?a,0.5849056603773585,0.75,0.5344827586206896,0.46551724137931033,31,27,53,36
?e  dealsWith  ?b  ?e  isLocatedIn  ?a   ,?a  dealsWith  ?b,0.016667,0.040892,0.392857,22.0,538.0,56.0,?a,0.4,0.0,1.0,0.0,6,0,15,0
?a  hasChild  ?f  ?f  isLeaderOf  ?b   ,?a  isPoliticianOf  ?b,0.048948,0.211462,0.391941,107.0,506.0,273.0,?a,0.5284090909090909,0.4827586206896552,0.8691588785046729,0.1308411214953271,93,14,176,29
?a  hasAcademicAdvisor  ?f  ?f  livesIn  ?b   ,?a  isCitizenOf  ?b,0.029006,0.25187,0.385496,101.0,401.0,262.0,?a,0.5063291139240507,0.5660377358490566,0.4,0.6,40,60,79,106
?e  hasAcademicAdvisor  ?a  ?e  isCitizenOf  ?b   ,?a  livesIn  ?b,0.024577,0.121113,0.38342,74.0,611.0,193.0,?a,0.6515151515151515,0.6595744680851063,0.581081081081081,0.4189189189189189,43,31,66,47
?e  graduatedFrom  ?b  ?e  hasAcademicAdvisor  ?a   ,?a  worksAt  ?b,0.081603,0.246684,0.371505,279.0,1131.0,751.0,?a,0.7526315789473684,0.813953488372093,0.5766129032258065,0.42338709677419356,143,105,190,129
?e  influences  ?a  ?e  isInterestedIn  ?b   ,?a  isInterestedIn  ?b,0.530864,0.112272,0.369628,129.0,1149.0,349.0,?a,0.7815126050420168,0.6,0.96875,0.03125,93,3,119,5
?a  actedIn  ?f  ?f  isLocatedIn  ?b   ,?a  isCitizenOf  ?b,0.03274,0.010001,0.368932,114.0,11399.0,309.0,?a,0.7954545454545454,0.9156626506024096,0.3153153153153153,0.6846846846846847,35,76,44,83
?a  created  ?f  ?f  isLocatedIn  ?b   ,?a  isCitizenOf  ?b,0.042217,0.034776,0.368421,147.0,4227.0,399.0,?a,0.6883116883116883,0.8392857142857143,0.36054421768707484,0.6394557823129252,53,94,77,112
?b  participatedIn  ?a   ,?a  happenedIn  ?b,0.293391,0.288247,0.366667,1496.0,5190.0,4080.0,?b,0.7599039615846338,0.0,1.0,0.0,633,0,833,0
?e  hasAcademicAdvisor  ?a  ?e  livesIn  ?b   ,?a  isCitizenOf  ?b,0.024698,0.245714,0.362869,86.0,350.0,237.0,?a,0.603448275862069,0.5531914893617021,0.40229885057471265,0.5977011494252874,35,52,58,94
?e  influences  ?a  ?e  isCitizenOf  ?b   ,?a  isCitizenOf  ?b,0.078116,0.132877,0.362184,272.0,2047.0,751.0,?a,0.5977653631284916,0.6680497925311203,0.39925373134328357,0.6007462686567164,107,161,179,241
?a  hasChild  ?f  ?f  owns  ?b   ,?a  owns  ?b,0.024557,0.36,0.36,18.0,50.0,50.0,?b,1.0,0.0,1.0,0.0,15,0,15,0
?b  dealsWith  ?a  ?b  hasNeighbor  ?a   ,?a  dealsWith  ?b,0.042424,0.333333,0.356688,56.0,168.0,157.0,?a,0.6153846153846154,0.0,1.0,0.0,48,0,78,0
?a  livesIn  ?b   ,?a  isCitizenOf  ?b,0.120333,0.139156,0.356293,419.0,3011.0,1176.0,?a,0.5342019543973942,0.5328798185941043,0.41102756892230574,0.5889724310776943,164,235,307,441
?b  dealsWith  ?a  ?a  hasNeighbor  ?b   ,?a  dealsWith  ?b,0.042424,0.331361,0.35443,56.0,169.0,158.0,?a,0.6153846153846154,0.0,1.0,0.0,48,0,78,0
?e  isLeaderOf  ?a  ?e  wasBornIn  ?b   ,?a  hasCapital  ?b,0.016222,0.077634,0.352941,42.0,541.0,119.0,?a,0.4421052631578947,0.0,1.0,0.0,42,0,95,0
?e  dealsWith  ?a  ?e  hasOfficialLanguage  ?b   ,?a  hasOfficialLanguage  ?b,0.246667,0.226994,0.347418,74.0,326.0,213.0,?a,0.8734177215189873,0.0,1.0,0.0,69,0,79,0
?b  hasNeighbor  ?a   ,?a  dealsWith  ?b,0.12803,0.302867,0.347023,169.0,558.0,487.0,?a,0.765625,0.0,1.0,0.0,98,0,128,0
?a  hasNeighbor  ?b   ,?a  dealsWith  ?b,0.127273,0.301075,0.344262,168.0,558.0,488.0,?a,0.7578125,0.0,1.0,0.0,97,0,128,0
?f  dealsWith  ?b  ?a  hasNeighbor  ?f   ,?a  dealsWith  ?b,0.496212,0.29827,0.335725,655.0,2196.0,1951.0,?a,0.96,0.0,1.0,0.0,120,0,125,0
?e  dealsWith  ?b  ?e  hasNeighbor  ?a   ,?a  dealsWith  ?b,0.496212,0.295578,0.334184,655.0,2216.0,1960.0,?a,0.9523809523809523,0.0,1.0,0.0,120,0,126,0
?e  hasCurrency  ?b  ?e  isLocatedIn  ?a   ,?a  hasCurrency  ?b,0.018182,0.028169,0.333333,2.0,71.0,6.0,?a,0.4,0.0,1.0,0.0,2,0,5,0
?a  directed  ?b   ,?a  created  ?b,0.174707,0.221338,0.328414,1224.0,5530.0,3727.0,?b,0.8458646616541353,0.84,0.9698275862068966,0.03017241379310345,675,21,798,25
?a  influences  ?f  ?f  isInterestedIn  ?b   ,?a  isInterestedIn  ?b,0.36214,0.084534,0.328358,88.0,1041.0,268.0,?a,0.84,0.6,0.9545454545454546,0.045454545454545456,63,3,75,5
?e  hasChild  ?a  ?e  livesIn  ?b   ,?a  livesIn  ?b,0.013949,0.12766,0.328125,42.0,329.0,128.0,?a,0.34782608695652173,0.7222222222222222,0.5517241379310345,0.4482758620689655,16,13,46,18
?f  diedIn  ?b  ?a  isMarriedTo  ?f   ,?a  diedIn  ?b,0.038223,0.228993,0.326624,357.0,1559.0,1093.0,?a,0.36131013306038895,0.2777777777777778,0.9860335195530726,0.013966480446927373,353,5,977,18
?e  diedIn  ?b  ?e  isMarriedTo  ?a   ,?a  diedIn  ?b,0.038223,0.227389,0.326624,357.0,1570.0,1093.0,?a,0.36131013306038895,0.3125,0.9860335195530726,0.013966480446927373,353,5,977,16
?a  hasCapital  ?f  ?f  isLocatedIn  ?b   ,?a  isLocatedIn  ?b,0.024497,0.295314,0.317366,2193.0,7426.0,6910.0,?a,0.8423645320197044,0.0,1.0,0.0,1710,0,2030,0
?a  hasChild  ?f  ?f  livesIn  ?b   ,?a  livesIn  ?b,0.014281,0.111399,0.316176,43.0,386.0,136.0,?a,0.3541666666666667,0.7368421052631579,0.5483870967741935,0.45161290322580644,17,14,48,19
?a  dealsWith  ?f  ?f  hasCurrency  ?b   ,?a  hasCurrency  ?b,0.209091,0.057357,0.315068,23.0,401.0,73.0,?a,0.6764705882352942,0.0,1.0,0.0,23,0,34,0
?a  livesIn  ?b  ?a  wasBornIn  ?b   ,?a  isLeaderOf  ?b,0.014493,0.10219,0.311111,14.0,137.0,45.0,?b,0.45454545454545453,0.5,0.7142857142857143,0.2857142857142857,10,4,22,8
?e  hasChild  ?a  ?e  hasWonPrize  ?b   ,?a  hasWonPrize  ?b,0.033445,0.201189,0.310398,812.0,4036.0,2616.0,?a,0.7259136212624585,0.6666666666666666,0.9604395604395605,0.03956043956043956,437,18,602,27
?f  hasWonPrize  ?b  ?a  isMarriedTo  ?f   ,?a  hasWonPrize  ?b,0.021047,0.167596,0.310261,511.0,3049.0,1647.0,?a,0.5490533562822719,0.5714285714285714,0.9637462235649547,0.03625377643504532,319,12,581,21
?e  hasWonPrize  ?b  ?e  isMarriedTo  ?a   ,?a  hasWonPrize  ?b,0.021047,0.166504,0.310073,511.0,3069.0,1648.0,?a,0.5526770293609672,0.6,0.963855421686747,0.03614457831325301,320,12,579,20
?b  happenedIn  ?a   ,?a  participatedIn  ?b,0.288247,0.293391,0.310052,1496.0,5099.0,4825.0,?b,0.7583148558758315,0.0,1.0,0.0,342,0,451,0
?a  hasAcademicAdvisor  ?f  ?f  worksAt  ?b   ,?a  graduatedFrom  ?b,0.052476,0.278174,0.304926,390.0,1402.0,1279.0,?a,0.7408637873754153,0.735,0.6027027027027027,0.3972972972972973,223,147,301,200
?a  hasChild  ?f  ?f  hasWonPrize  ?b   ,?a  hasWonPrize  ?b,0.031632,0.190099,0.304279,768.0,4040.0,2524.0,?a,0.7053571428571429,0.6363636363636364,0.9495192307692307,0.05048076923076923,395,21,560,33
?a  happenedIn  ?f  ?b  hasCapital  ?f   ,?a  happenedIn  ?b,0.034517,0.187433,0.28479,176.0,939.0,618.0,?b,0.5638766519823789,0.0,1.0,0.0,128,0,227,0
?e  diedIn  ?b  ?e  hasChild  ?a   ,?a  wasBornIn  ?b,0.010174,0.195763,0.284483,462.0,2360.0,1624.0,?a,0.3808724832214765,0.18867924528301888,0.978448275862069,0.021551724137931036,454,10,1192,53
?a  isPoliticianOf  ?b   ,?a  livesIn  ?b,0.02823,0.038884,0.284281,85.0,2186.0,299.0,?a,0.3236994219653179,0.4444444444444444,0.7368421052631579,0.2631578947368421,56,20,173,45
?e  hasChild  ?a  ?e  owns  ?b   ,?a  owns  ?b,0.027285,0.28169,0.28169,20.0,71.0,71.0,?b,1.0,0.0,1.0,0.0,17,0,17,0
?a  graduatedFrom  ?b   ,?a  worksAt  ?b,0.179,0.082347,0.280477,612.0,7432.0,2182.0,?a,0.43014705882352944,0.40082644628099173,0.6440366972477064,0.3559633027522936,351,194,816,484
?e  diedIn  ?b  ?e  isPoliticianOf  ?a   ,?a  hasCapital  ?b,0.050599,0.239488,0.278132,131.0,547.0,471.0,?a,0.6390532544378699,0.0,1.0,0.0,108,0,169,0
?e  owns  ?a  ?e  owns  ?b   ,?a  isConnectedTo  ?b,0.010328,0.117275,0.275124,334.0,2848.0,1214.0,?b,0.5244755244755245,0.0,1.0,0.0,75,0,143,0
?f  isLocatedIn  ?b  ?a  owns  ?f   ,?a  owns  ?b,0.015007,0.007275,0.275,11.0,1512.0,40.0,?b,0.02857142857142857,0.2,0.9090909090909091,0.09090909090909091,10,1,350,5
?a  hasNeighbor  ?f  ?b  hasNeighbor  ?f   ,?a  hasNeighbor  ?b,0.888889,0.272228,0.272378,496.0,1822.0,1821.0,?b,0.8108108108108109,0.0,1.0,0.0,120,0,148,0
?f  hasNeighbor  ?a  ?b  hasNeighbor  ?f   ,?a  hasNeighbor  ?b,0.888889,0.272079,0.272079,496.0,1823.0,1823.0,?b,0.8163265306122449,0.0,1.0,0.0,120,0,147,0
?e  hasNeighbor  ?b  ?a  hasNeighbor  ?e   ,?a  hasNeighbor  ?b,0.888889,0.272079,0.272079,496.0,1823.0,1823.0,?b,0.8163265306122449,0.0,1.0,0.0,120,0,147,0
?e  hasNeighbor  ?a  ?e  hasNeighbor  ?b   ,?a  hasNeighbor  ?b,0.888889,0.271483,0.271483,496.0,1827.0,1827.0,?b,0.8163265306122449,0.0,1.0,0.0,120,0,147,0
?e  hasChild  ?a  ?e  isLeaderOf  ?b   ,?a  isPoliticianOf  ?b,0.022415,0.134986,0.266304,49.0,363.0,184.0,?a,0.3283582089552239,0.45454545454545453,0.8979591836734694,0.10204081632653061,44,5,134,11
?a  created  ?f  ?f  isLocatedIn  ?b   ,?a  isPoliticianOf  ?b,0.011436,0.005914,0.265957,25.0,4227.0,94.0,?a,0.5789473684210527,0.5,0.88,0.12,22,3,38,6
?a  hasChild  ?f  ?f  wasBornIn  ?b   ,?a  diedIn  ?b,0.041328,0.133379,0.262407,386.0,2894.0,1471.0,?a,0.34492223238792313,0.2,0.9716494845360825,0.028350515463917526,377,11,1093,55
?f  isLocatedIn  ?b  ?a  livesIn  ?f   ,?a  isPoliticianOf  ?b,0.113449,0.034373,0.259686,248.0,7215.0,955.0,?a,0.8901734104046243,0.8888888888888888,0.7938144329896907,0.20618556701030927,154,40,173,45
?f  isLocatedIn  ?b  ?a  wasBornIn  ?f   ,?a  isPoliticianOf  ?b,0.450595,0.006429,0.257247,985.0,153214.0,3829.0,?a,0.7751646284101599,0.7867647058823529,0.8850698174006445,0.11493018259935553,824,107,1063,136
?a  hasAcademicAdvisor  ?f  ?f  hasWonPrize  ?b   ,?a  hasWonPrize  ?b,0.015981,0.202717,0.256614,388.0,1914.0,1512.0,?a,0.549800796812749,0.6380368098159509,0.5702479338842975,0.4297520661157025,138,104,251,163
?a  dealsWith  ?f  ?f  hasOfficialLanguage  ?b   ,?a  hasOfficialLanguage  ?b,0.356667,0.159463,0.256595,107.0,671.0,417.0,?a,0.8715596330275229,0.0,1.0,0.0,95,0,109,0
?e  diedIn  ?b  ?e  hasChild  ?a   ,?a  diedIn  ?b,0.038651,0.152966,0.255304,361.0,2360.0,1414.0,?a,0.3411534701857282,0.38235294117647056,0.9640883977900553,0.03591160220994475,349,13,1023,34
?e  hasAcademicAdvisor  ?a  ?e  hasWonPrize  ?b   ,?a  hasWonPrize  ?b,0.01248,0.196244,0.254408,303.0,1544.0,1191.0,?a,0.6647398843930635,0.5327102803738317,0.6686046511627907,0.3313953488372093,115,57,173,107
?a  hasNeighbor  ?f  ?f  imports  ?b   ,?a  imports  ?b,0.42132,0.20776,0.25228,166.0,799.0,658.0,?a,0.8245614035087719,0.0,1.0,0.0,94,0,114,0
?f  dealsWith  ?b  ?a  dealsWith  ?f   ,?a  dealsWith  ?b,0.734848,0.251752,0.251752,970.0,3853.0,3853.0,?a,0.8415300546448088,0.0,1.0,0.0,154,0,183,0
?e  hasNeighbor  ?a  ?e  imports  ?b   ,?a  imports  ?b,0.42132,0.206983,0.251135,166.0,802.0,661.0,?a,0.8173913043478261,0.0,1.0,0.0,94,0,115,0
?f  exports  ?b  ?a  hasNeighbor  ?f   ,?a  exports  ?b,0.430446,0.192488,0.250765,164.0,852.0,654.0,?a,0.8076923076923077,0.0,1.0,0.0,84,0,104,0
?e  exports  ?b  ?e  hasNeighbor  ?a   ,?a  exports  ?b,0.430446,0.190476,0.25,164.0,861.0,656.0,?a,0.8,0.0,1.0,0.0,84,0,105,0
?e  isCitizenOf  ?b  ?e  livesIn  ?a   ,?a  dealsWith  ?b,0.030303,0.06135,0.245399,40.0,652.0,163.0,?a,0.6111111111111112,0.0,1.0,0.0,22,0,36,0
?a  diedIn  ?b   ,?a  livesIn  ?b,0.03454,0.011135,0.244131,104.0,9340.0,426.0,?a,0.27491408934707906,0.17777777777777778,0.7692307692307693,0.23076923076923078,80,24,291,135
?f  diedIn  ?b  ?a  hasChild  ?f   ,?a  diedIn  ?b,0.037366,0.165246,0.241355,349.0,2112.0,1446.0,?a,0.35,0.358974358974359,0.96,0.04,336,14,960,39
?a  hasChild  ?f  ?b  hasChild  ?f   ,?a  isMarriedTo  ?b,0.237154,0.106914,0.237029,900.0,8418.0,3797.0,?a,0.7627272727272727,0.631578947368421,0.9858989424206815,0.01410105757931845,839,12,1100,19
?a  created  ?b   ,?a  directed  ?b,0.221338,0.174707,0.237026,1224.0,7006.0,5164.0,?b,0.8458646616541353,0.84,0.9698275862068966,0.03017241379310345,675,21,798,25
?a  isLocatedIn  ?b   ,?a  hasCapital  ?b,0.390112,0.011282,0.234176,1010.0,89521.0,4313.0,?a,0.4928746928746929,0.0,1.0,0.0,1003,0,2035,0
?f  isLocatedIn  ?b  ?a  isLocatedIn  ?f   ,?a  isLocatedIn  ?b,0.391942,0.231789,0.231789,35087.0,151375.0,151375.0,?a,0.5618191161356629,0.0,1.0,0.0,21866,0,38920,0
?e  dealsWith  ?a  ?e  dealsWith  ?b   ,?a  dealsWith  ?b,0.481061,0.194905,0.231583,635.0,3258.0,2742.0,?a,0.8931297709923665,0.0,1.0,0.0,117,0,131,0
?a  diedIn  ?f  ?f  isLocatedIn  ?b   ,?a  isPoliticianOf  ?b,0.265782,0.016988,0.227754,581.0,34200.0,2551.0,?a,0.7480438184663537,0.8061224489795918,0.8581687612208259,0.14183123877917414,478,79,639,98
?a  isLeaderOf  ?f  ?f  isLocatedIn  ?b   ,?a  isCitizenOf  ?b,0.013498,0.028537,0.22381,47.0,1647.0,210.0,?a,0.75,0.7,0.2553191489361702,0.7446808510638298,12,35,16,50
?a  livesIn  ?b   ,?a  isPoliticianOf  ?b,0.038884,0.02823,0.223097,85.0,3011.0,381.0,?a,0.3236994219653179,0.4444444444444444,0.7368421052631579,0.2631578947368421,56,20,173,45
?b  hasCapital  ?f  ?a  livesIn  ?f   ,?a  isPoliticianOf  ?b,0.041171,0.041417,0.222772,90.0,2173.0,404.0,?a,0.717391304347826,0.7333333333333333,0.75,0.25,66,22,92,30
?a  diedIn  ?f  ?f  isLocatedIn  ?b   ,?a  isCitizenOf  ?b,0.276565,0.028158,0.218516,963.0,34200.0,4407.0,?a,0.6628131021194605,0.8522099447513812,0.35796045785639957,0.6420395421436004,344,617,519,724
?e  hasChild  ?a  ?e  isPoliticianOf  ?b   ,?a  livesIn  ?b,0.010296,0.023773,0.21831,31.0,1304.0,142.0,?a,0.18823529411764706,0.5652173913043478,0.5517241379310345,0.4482758620689655,16,13,85,23
?f  isLocatedIn  ?b  ?a  wasBornIn  ?f   ,?a  isCitizenOf  ?b,0.490523,0.011148,0.217996,1708.0,153214.0,7835.0,?a,0.0,0.9811428571428571,0.0,1.0,0,1717,458,1750
?f  graduatedFrom  ?b  ?a  hasAcademicAdvisor  ?f   ,?a  graduatedFrom  ?b,0.032831,0.196616,0.216889,244.0,1241.0,1125.0,?a,0.3680203045685279,0.33584905660377357,0.6196581196581197,0.3803418803418803,145,89,394,265
?a  isAffiliatedTo  ?f  ?f  isLocatedIn  ?b   ,?a  isPoliticianOf  ?b,0.247941,0.004083,0.215764,542.0,132758.0,2512.0,?a,0.43933823529411764,0.3961038961038961,0.8868274582560297,0.11317254174397032,478,61,1088,154
?e  isCitizenOf  ?a  ?e  isCitizenOf  ?b   ,?a  dealsWith  ?b,0.067424,0.130117,0.214976,89.0,684.0,414.0,?a,0.5247524752475248,0.0,1.0,0.0,53,0,101,0
?a  isLeaderOf  ?b   ,?a  livesIn  ?b,0.022584,0.070393,0.2125,68.0,966.0,320.0,?a,0.45901639344262296,0.3870967741935484,0.8235294117647058,0.17647058823529413,56,12,122,31
?e  dealsWith  ?a  ?e  imports  ?b   ,?a  imports  ?b,0.380711,0.162162,0.205761,150.0,925.0,729.0,?a,0.7169811320754716,0.0,1.0,0.0,76,0,106,0
?e  hasChild  ?a  ?e  wasBornIn  ?b   ,?a  wasBornIn  ?b,0.010284,0.149632,0.203132,467.0,3121.0,2299.0,?a,0.3048128342245989,0.14772727272727273,0.9722814498933902,0.02771855010660981,456,13,1496,88
?a  graduatedFrom  ?f  ?f  isLocatedIn  ?b   ,?a  isPoliticianOf  ?b,0.340348,0.041439,0.203001,744.0,17954.0,3665.0,?a,0.7,0.6808510638297872,0.8581979320531757,0.14180206794682423,581,96,830,141
?f  graduatedFrom  ?b  ?a  hasChild  ?f   ,?a  graduatedFrom  ?b,0.035253,0.136175,0.200613,262.0,1924.0,1306.0,?a,0.3643122676579926,0.345679012345679,0.875,0.125,196,28,538,81
?e  graduatedFrom  ?b  ?e  hasChild  ?a   ,?a  graduatedFrom  ?b,0.035118,0.136864,0.196981,261.0,1907.0,1325.0,?a,0.3605072463768116,0.3103448275862069,0.8805309734513275,0.11946902654867257,199,27,552,87
?a  graduatedFrom  ?f  ?f  isLocatedIn  ?b   ,?a  isCitizenOf  ?b,0.382252,0.074134,0.194648,1331.0,17954.0,6838.0,?a,0.625748502994012,0.8345864661654135,0.32006125574272587,0.6799387442572741,418,888,668,1064
?a  worksAt  ?b   ,?a  graduatedFrom  ?b,0.082347,0.179,0.194039,612.0,3419.0,3154.0,?a,0.43014705882352944,0.40082644628099173,0.6440366972477064,0.3559633027522936,351,194,816,484
?e  isPoliticianOf  ?a  ?e  livesIn  ?b   ,?a  hasCapital  ?b,0.026651,0.174684,0.192737,69.0,395.0,358.0,?a,0.6021505376344086,0.0,1.0,0.0,56,0,93,0
?a  owns  ?f  ?b  owns  ?f   ,?a  dealsWith  ?b,0.055303,0.047681,0.190601,73.0,1531.0,383.0,?a,0.4594594594594595,0.0,1.0,0.0,17,0,37,0
?a  isLeaderOf  ?f  ?f  isLocatedIn  ?b   ,?a  livesIn  ?b,0.03454,0.063145,0.189435,104.0,1647.0,549.0,?a,0.5206611570247934,0.6451612903225806,0.7590361445783133,0.24096385542168675,63,20,121,31
?a  dealsWith  ?f  ?f  imports  ?b   ,?a  imports  ?b,0.614213,0.15817,0.18921,242.0,1530.0,1279.0,?a,0.8865248226950354,0.0,1.0,0.0,125,0,141,0
?f  hasCapital  ?b  ?a  isPoliticianOf  ?f   ,?a  livesIn  ?b,0.031219,0.010963,0.189135,94.0,8574.0,497.0,?a,0.39520958083832336,0.4888888888888889,0.75,0.25,66,22,167,45
?b  influences  ?a   ,?a  hasAcademicAdvisor  ?b,0.068404,0.005833,0.185294,63.0,10801.0,340.0,?a,0.4329896907216495,0.3125,0.6774193548387096,0.3225806451612903,42,20,97,64
?e  graduatedFrom  ?b  ?e  hasAcademicAdvisor  ?a   ,?a  graduatedFrom  ?b,0.024354,0.160035,0.183198,181.0,1131.0,988.0,?a,0.3852140077821012,0.4114285714285714,0.5789473684210527,0.42105263157894735,99,72,257,175
?e  hasWonPrize  ?b  ?e  influences  ?a   ,?a  hasWonPrize  ?b,0.024054,0.08753,0.177995,584.0,6672.0,3281.0,?a,0.4957698815566836,0.5723270440251572,0.7630208333333334,0.23697916666666666,293,91,591,159
?a  imports  ?b   ,?a  exports  ?b,0.160105,0.154822,0.177843,61.0,394.0,343.0,?a,0.30597014925373134,0.0,1.0,0.0,41,0,134,0
?b  dealsWith  ?a   ,?a  hasNeighbor  ?b,0.302867,0.12803,0.176225,169.0,1320.0,959.0,?b,0.8,0.0,1.0,0.0,84,0,105,0
?a  hasAcademicAdvisor  ?f  ?f  worksAt  ?b   ,?a  worksAt  ?b,0.0506,0.123395,0.174924,173.0,1402.0,989.0,?a,0.3695652173913043,0.41830065359477125,0.5704697986577181,0.42953020134228187,85,64,230,153
?a  wasBornIn  ?b   ,?a  diedIn  ?b,0.123876,0.025478,0.174562,1157.0,45411.0,6628.0,?a,0.13990591122929025,0.2719953996549741,0.5911840968020743,0.40881590319792566,684,473,4889,1739
?a  diedIn  ?b   ,?a  wasBornIn  ?b,0.025478,0.123876,0.174562,1157.0,9340.0,6628.0,?a,0.13990591122929025,0.2719953996549741,0.5911840968020743,0.40881590319792566,684,473,4889,1739
?a  isLeaderOf  ?f  ?f  isLocatedIn  ?b   ,?a  isLeaderOf  ?b,0.086957,0.051002,0.173554,84.0,1647.0,484.0,?b,0.12638580931263857,0.04285714285714286,0.95,0.05,57,3,451,70
?a  happenedIn  ?e  ?e  isLocatedIn  ?b   ,?a  happenedIn  ?b,0.171014,0.132362,0.173291,872.0,6588.0,5032.0,?b,0.6257242178447276,0.0,1.0,0.0,540,0,863,0
?a  isAffiliatedTo  ?f  ?f  isLocatedIn  ?b   ,?a  livesIn  ?b,0.055463,0.001258,0.173057,167.0,132758.0,965.0,?a,0.3181818181818182,0.28703703703703703,0.7933333333333333,0.20666666666666667,119,31,374,108
?a  exports  ?b   ,?a  imports  ?b,0.154822,0.160105,0.172316,61.0,381.0,354.0,?a,0.30597014925373134,0.0,1.0,0.0,41,0,134,0
?a  hasNeighbor  ?f  ?f  participatedIn  ?b   ,?a  participatedIn  ?b,0.124085,0.171277,0.171277,644.0,3760.0,3760.0,?b,0.8991596638655462,0.0,1.0,0.0,107,0,119,0
?e  hasNeighbor  ?a  ?e  participatedIn  ?b   ,?a  participatedIn  ?b,0.124085,0.170958,0.170958,644.0,3767.0,3767.0,?b,0.9,0.0,1.0,0.0,108,0,120,0
?e  dealsWith  ?a  ?e  exports  ?b   ,?a  exports  ?b,0.380577,0.129349,0.170588,145.0,1121.0,850.0,?a,0.72,0.0,1.0,0.0,72,0,100,0
?f  isLocatedIn  ?b  ?a  worksAt  ?f   ,?a  livesIn  ?b,0.1272,0.05087,0.169544,383.0,7529.0,2259.0,?a,0.7407407407407407,0.75,0.6191950464396285,0.38080495356037153,200,123,270,164
?f  hasWonPrize  ?b  ?a  influences  ?f   ,?a  hasWonPrize  ?b,0.02183,0.07627,0.167245,530.0,6949.0,3169.0,?a,0.5495145631067961,0.6106194690265486,0.8039772727272727,0.19602272727272727,283,69,515,113
?a  dealsWith  ?b   ,?a  hasNeighbor  ?b,0.301075,0.127273,0.166998,168.0,1320.0,1006.0,?b,0.7578125,0.0,1.0,0.0,97,0,128,0
?f  dealsWith  ?b  ?a  isLocatedIn  ?f   ,?a  dealsWith  ?b,0.022727,0.000194,0.166667,30.0,154425.0,180.0,?a,0.34615384615384615,0.0,1.0,0.0,9,0,26,0
?e  dealsWith  ?a  ?e  participatedIn  ?b   ,?a  participatedIn  ?b,0.177649,0.163562,0.163562,922.0,5637.0,5637.0,?b,0.7795275590551181,0.0,1.0,0.0,99,0,127,0
?a  diedIn  ?f  ?f  isLocatedIn  ?b   ,?a  livesIn  ?b,0.08004,0.007047,0.161528,241.0,34200.0,1492.0,?a,0.46048109965635736,0.7111111111111111,0.5826086956521739,0.41739130434782606,134,96,291,135
?e  hasAcademicAdvisor  ?a  ?e  worksAt  ?b   ,?a  worksAt  ?b,0.04592,0.113521,0.161357,157.0,1383.0,973.0,?a,0.5032258064516129,0.44166666666666665,0.5954198473282443,0.40458015267175573,78,53,155,120
?e  isLocatedIn  ?a  ?e  isLocatedIn  ?b   ,?a  isLocatedIn  ?b,0.176003,0.147228,0.159303,15756.0,107018.0,98906.0,?a,0.8167859152665006,0.0,1.0,0.0,10160,0,12439,0
?a  wroteMusicFor  ?b   ,?a  created  ?b,0.081073,0.093084,0.158394,568.0,6102.0,3586.0,?b,0.6721311475409836,1.0,0.9855769230769231,0.014423076923076924,205,3,305,3
?e  hasChild  ?a  ?e  livesIn  ?b   ,?a  isPoliticianOf  ?b,0.014639,0.097264,0.15534,32.0,329.0,206.0,?a,0.21649484536082475,0.47368421052631576,0.7,0.3,21,9,97,19
?a  isAffiliatedTo  ?f  ?f  isLocatedIn  ?b   ,?a  diedIn  ?b,0.071413,0.005024,0.153333,667.0,132758.0,4350.0,?a,0.38871951219512196,0.4244264507422402,0.28846153846153844,0.7115384615384616,255,629,656,1482
?a  hasChild  ?f  ?b  isMarriedTo  ?f   ,?a  hasChild  ?b,0.054001,0.118914,0.151233,276.0,2321.0,1825.0,?b,0.10737704918032787,0.0,1.0,0.0,131,0,1220,23
?a  hasChild  ?f  ?f  isMarriedTo  ?b   ,?a  hasChild  ?b,0.054001,0.118659,0.15115,276.0,2326.0,1826.0,?b,0.10728910728910729,0.0,1.0,0.0,131,0,1221,24
?b  dealsWith  ?a   ,?a  dealsWith  ?b,0.122727,0.122727,0.14808,162.0,1320.0,1094.0,?a,0.6106870229007634,0.0,1.0,0.0,80,0,131,0
?a  hasNeighbor  ?f  ?b  hasNeighbor  ?f   ,?a  dealsWith  ?b,0.17803,0.128979,0.148078,235.0,1822.0,1587.0,?a,0.703125,0.0,1.0,0.0,90,0,128,0
?f  hasNeighbor  ?a  ?b  hasNeighbor  ?f   ,?a  dealsWith  ?b,0.17803,0.128908,0.147985,235.0,1823.0,1588.0,?a,0.703125,0.0,1.0,0.0,90,0,128,0
?f  hasNeighbor  ?b  ?a  hasNeighbor  ?f   ,?a  dealsWith  ?b,0.17803,0.128908,0.147985,235.0,1823.0,1588.0,?a,0.7086614173228346,0.0,1.0,0.0,90,0,127,0
?e  hasNeighbor  ?a  ?e  hasNeighbor  ?b   ,?a  dealsWith  ?b,0.17803,0.128626,0.147706,235.0,1827.0,1591.0,?a,0.703125,0.0,1.0,0.0,90,0,128,0
?b  hasCapital  ?f  ?a  isLocatedIn  ?f   ,?a  isLocatedIn  ?b,0.027491,0.145932,0.145932,2461.0,16864.0,16864.0,?a,0.3743607228094102,0.0,1.0,0.0,2196,0,5866,0
?e  hasChild  ?a  ?e  wasBornIn  ?b   ,?a  diedIn  ?b,0.02227,0.066645,0.145658,208.0,3121.0,1428.0,?a,0.21215351812366737,0.2903225806451613,0.9567307692307693,0.04326923076923077,199,9,938,31
?f  isLocatedIn  ?b  ?a  playsFor  ?f   ,?a  diedIn  ?b,0.027088,0.00322,0.145486,253.0,78569.0,1739.0,?a,0.02109704641350211,0.35870445344129553,0.011160714285714286,0.9888392857142857,5,443,237,1235
?a  graduatedFrom  ?f  ?f  isLocatedIn  ?b   ,?a  livesIn  ?b,0.227831,0.038209,0.145001,686.0,17954.0,4731.0,?a,0.4282147315855181,0.6032608695652174,0.6070796460176991,0.3929203539823009,343,222,801,368
?a  isAffiliatedTo  ?f  ?f  isLocatedIn  ?b   ,?a  isCitizenOf  ?b,0.062321,0.001635,0.144763,217.0,132758.0,1499.0,?a,0.43529411764705883,0.489247311827957,0.1689497716894977,0.8310502283105022,37,182,85,372
?a  hasChild  ?f  ?f  livesIn  ?b   ,?a  isPoliticianOf  ?b,0.014639,0.082902,0.144144,32.0,386.0,222.0,?a,0.18181818181818182,0.5217391304347826,0.6,0.4,18,12,99,23
?a  isLeaderOf  ?f  ?f  isLocatedIn  ?b   ,?a  isPoliticianOf  ?b,0.029735,0.039466,0.143805,65.0,1647.0,452.0,?a,0.24545454545454545,0.5,0.84375,0.15625,54,10,220,20
?f  isLocatedIn  ?b  ?a  worksAt  ?f   ,?a  isCitizenOf  ?b,0.192418,0.088989,0.143438,670.0,7529.0,4671.0,?a,0.6445012787723785,0.7708737864077669,0.3882896764252696,0.6117103235747303,252,397,391,515
?e  isPoliticianOf  ?a  ?e  wasBornIn  ?b   ,?a  hasCapital  ?b,0.051371,0.128627,0.141489,133.0,1034.0,940.0,?a,0.505,0.0,1.0,0.0,101,0,200,0
?b  isLocatedIn  ?f  ?a  owns  ?f   ,?a  owns  ?b,0.015007,0.005627,0.141026,11.0,1955.0,78.0,?b,0.136986301369863,1.0,0.9090909090909091,0.09090909090909091,10,1,73,1
?a  livesIn  ?b   ,?a  diedIn  ?b,0.011135,0.03454,0.140351,104.0,3011.0,741.0,?a,0.27491408934707906,0.17777777777777778,0.7692307692307693,0.23076923076923078,80,24,291,135
?f  isLocatedIn  ?b  ?a  livesIn  ?f   ,?a  isCitizenOf  ?b,0.103102,0.049757,0.139472,359.0,7215.0,2574.0,?a,0.423841059602649,0.5310344827586206,0.3565459610027855,0.6434540389972145,128,231,302,435
?e  hasCapital  ?b  ?e  isLocatedIn  ?a   ,?a  hasCapital  ?b,0.08961,0.05118,0.138507,232.0,4533.0,1675.0,?a,0.5987460815047022,0.0,1.0,0.0,191,0,319,0
?e  dealsWith  ?b  ?a  hasNeighbor  ?e   ,?a  hasNeighbor  ?b,0.412186,0.104736,0.136499,230.0,2196.0,1685.0,?b,0.6879432624113475,0.0,1.0,0.0,97,0,141,0
?a  dealsWith  ?f  ?f  exports  ?b   ,?a  exports  ?b,0.51706,0.10765,0.136238,197.0,1830.0,1446.0,?a,0.7575757575757576,0.0,1.0,0.0,100,0,132,0
?b  hasCapital  ?f  ?a  wasBornIn  ?f   ,?a  isPoliticianOf  ?b,0.168801,0.004718,0.135862,369.0,78215.0,2716.0,?a,0.48396946564885496,0.5357142857142857,0.8756906077348067,0.12430939226519337,317,45,655,84
?e  dealsWith  ?b  ?e  hasNeighbor  ?a   ,?a  hasNeighbor  ?b,0.412186,0.103791,0.135374,230.0,2216.0,1699.0,?b,0.6879432624113475,0.0,1.0,0.0,97,0,141,0
?f  graduatedFrom  ?b  ?a  hasAcademicAdvisor  ?f   ,?a  worksAt  ?b,0.031881,0.087832,0.134901,109.0,1241.0,808.0,?a,0.22297297297297297,0.21212121212121213,0.6111111111111112,0.3888888888888889,66,42,296,198
?e  diedIn  ?b  ?e  livesIn  ?a   ,?a  hasCapital  ?b,0.01545,0.066778,0.13289,40.0,599.0,301.0,?a,0.4805194805194805,0.0,1.0,0.0,37,0,77,0
?a  diedIn  ?f  ?b  hasCapital  ?f   ,?a  isPoliticianOf  ?b,0.186642,0.015522,0.130393,408.0,26285.0,3129.0,?a,0.6805555555555556,0.5844155844155844,0.884020618556701,0.11597938144329897,343,45,504,77
?e  dealsWith  ?a  ?e  imports  ?b   ,?a  exports  ?b,0.238845,0.098378,0.130186,91.0,925.0,699.0,?a,0.49504950495049505,0.0,1.0,0.0,50,0,101,0
?b  hasCapital  ?f  ?a  livesIn  ?f   ,?a  livesIn  ?b,0.093324,0.129314,0.129314,281.0,2173.0,2173.0,?a,0.3925925925925926,0.36666666666666664,0.828125,0.171875,212,44,540,120
?a  dealsWith  ?f  ?f  exports  ?b   ,?a  imports  ?b,0.502538,0.108197,0.126842,198.0,1830.0,1561.0,?a,0.8028169014084507,0.0,1.0,0.0,114,0,142,0
?a  created  ?b   ,?a  wroteMusicFor  ?b,0.093084,0.081073,0.126391,568.0,7006.0,4494.0,?b,0.6721311475409836,1.0,0.9855769230769231,0.014423076923076924,205,3,305,3
?f  isLocatedIn  ?b  ?a  livesIn  ?f   ,?a  livesIn  ?b,0.283627,0.118365,0.118365,854.0,7215.0,7215.0,?a,0.344311377245509,0.3,0.777027027027027,0.22297297297297297,460,132,1336,440
?e  influences  ?a  ?e  isKnownFor  ?b   ,?a  isInterestedIn  ?b,0.045267,0.027708,0.117021,11.0,397.0,94.0,?a,0.21568627450980393,0.0,1.0,0.0,11,0,51,3
?e  diedIn  ?b  ?e  isCitizenOf  ?a   ,?a  hasCapital  ?b,0.03399,0.113111,0.116711,88.0,778.0,754.0,?a,0.6422018348623854,0.0,1.0,0.0,70,0,109,0
?f  isLocatedIn  ?b  ?a  worksAt  ?f   ,?a  diedIn  ?b,0.040257,0.04994,0.113321,376.0,7529.0,3318.0,?a,0.589873417721519,0.5458015267175572,0.6196808510638298,0.3803191489361702,233,143,395,262
?a  hasNeighbor  ?f  ?f  imports  ?b   ,?a  exports  ?b,0.181102,0.086358,0.11293,69.0,799.0,611.0,?a,0.4563106796116505,0.0,1.0,0.0,47,0,103,0
?e  hasNeighbor  ?a  ?e  imports  ?b   ,?a  exports  ?b,0.181102,0.086035,0.112378,69.0,802.0,614.0,?a,0.4519230769230769,0.0,1.0,0.0,47,0,104,0
?e  livesIn  ?a  ?e  livesIn  ?b   ,?a  dealsWith  ?b,0.045455,0.016901,0.11194,60.0,3550.0,536.0,?a,0.5,0.0,1.0,0.0,28,0,56,0
?e  exports  ?b  ?e  hasNeighbor  ?a   ,?a  imports  ?b,0.19797,0.090592,0.111111,78.0,861.0,702.0,?a,0.49122807017543857,0.0,1.0,0.0,56,0,114,0
?e  influences  ?a  ?e  worksAt  ?b   ,?a  worksAt  ?b,0.018134,0.05053,0.110517,62.0,1227.0,561.0,?a,0.34545454545454546,0.2903225806451613,0.6785714285714286,0.32142857142857145,38,18,110,62
?f  isLocatedIn  ?a  ?b  participatedIn  ?f   ,?a  dealsWith  ?b,0.07197,0.033263,0.110209,95.0,2856.0,862.0,?a,0.6666666666666666,0.0,1.0,0.0,46,0,69,0
?b  hasChild  ?a   ,?a  hasChild  ?b,0.082176,0.082176,0.110034,420.0,5111.0,3817.0,?b,0.18181818181818182,0.2125,0.9518413597733711,0.04815864022662889,336,17,1848,80
?f  exports  ?b  ?a  hasNeighbor  ?f   ,?a  imports  ?b,0.195431,0.090376,0.11,77.0,852.0,700.0,?a,0.48672566371681414,0.0,1.0,0.0,55,0,113,0
?f  graduatedFrom  ?b  ?a  influences  ?f   ,?a  worksAt  ?b,0.017841,0.01765,0.108541,61.0,3456.0,562.0,?a,0.26666666666666666,0.38333333333333336,0.5818181818181818,0.41818181818181815,32,23,120,60
?e  isMarriedTo  ?a  ?e  wasBornIn  ?b   ,?a  diedIn  ?b,0.012848,0.044759,0.107817,120.0,2681.0,1113.0,?a,0.11975435005117707,0.15789473684210525,0.975,0.025,117,3,977,19
?a  diedIn  ?f  ?b  hasCapital  ?f   ,?a  isCitizenOf  ?b,0.122056,0.016169,0.107242,425.0,26285.0,3963.0,?a,0.509641873278237,0.44543429844098,0.4805194805194805,0.5194805194805194,185,200,363,449
?f  hasCapital  ?b  ?a  isPoliticianOf  ?f   ,?a  diedIn  ?b,0.041542,0.045253,0.105924,388.0,8574.0,3663.0,?a,0.5697674418604651,0.4945054945054945,0.884020618556701,0.11597938144329897,343,45,602,91
?a  happenedIn  ?e  ?e  hasNeighbor  ?b   ,?a  happenedIn  ?b,0.070406,0.083006,0.105588,359.0,4325.0,3400.0,?b,0.18847352024922118,0.0,1.0,0.0,121,0,642,0
?a  happenedIn  ?f  ?b  hasNeighbor  ?f   ,?a  happenedIn  ?b,0.070406,0.082948,0.105526,359.0,4328.0,3402.0,?b,0.1873065015479876,0.0,1.0,0.0,121,0,646,0
?a  isMarriedTo  ?f  ?f  wasBornIn  ?b   ,?a  diedIn  ?b,0.012634,0.044178,0.105357,118.0,2671.0,1120.0,?a,0.11975435005117707,0.13636363636363635,0.975,0.025,117,3,977,22
?f  dealsWith  ?a  ?b  hasNeighbor  ?f   ,?a  hasNeighbor  ?b,0.412186,0.104736,0.104736,230.0,2196.0,2196.0,?b,0.8686868686868687,0.0,1.0,0.0,86,0,99,0
?e  dealsWith  ?a  ?e  owns  ?b   ,?a  owns  ?b,0.039563,0.104693,0.104693,29.0,277.0,277.0,?b,0.7037037037037037,0.0,1.0,0.0,19,0,27,0
?a  wasBornIn  ?b   ,?a  livesIn  ?b,0.0455,0.003017,0.1045,137.0,45411.0,1311.0,?a,0.1085972850678733,0.09601873536299765,0.7007299270072993,0.29927007299270075,96,41,884,427
?a  directed  ?b   ,?a  actedIn  ?b,0.017365,0.101989,0.104136,564.0,5530.0,5416.0,?b,0.648471615720524,0.6,0.9705882352941176,0.029411764705882353,297,9,458,15
?e  dealsWith  ?a  ?e  hasNeighbor  ?b   ,?a  hasNeighbor  ?b,0.412186,0.103791,0.103791,230.0,2216.0,2216.0,?b,0.86,0.0,1.0,0.0,86,0,100,0
?a  hasNeighbor  ?e  ?e  owns  ?b   ,?a  owns  ?b,0.030014,0.102804,0.102804,22.0,214.0,214.0,?b,0.7391304347826086,0.0,1.0,0.0,17,0,23,0
?e  influences  ?a  ?e  worksAt  ?b   ,?a  graduatedFrom  ?b,0.011168,0.067645,0.102723,83.0,1227.0,808.0,?a,0.3254437869822485,0.22330097087378642,0.7051282051282052,0.2948717948717949,55,23,169,103
?b  hasCapital  ?f  ?a  wasBornIn  ?f   ,?a  isCitizenOf  ?b,0.128374,0.005715,0.101753,447.0,78215.0,4393.0,?a,0.11827956989247312,0.3954183266932271,0.07674418604651163,0.9232558139534883,33,397,279,1004
?e  hasNeighbor  ?a  ?e  owns  ?b   ,?a  owns  ?b,0.030014,0.101382,0.101382,22.0,217.0,217.0,?b,0.7391304347826086,0.0,1.0,0.0,17,0,23,0
Mining done in 1 min 46.580 s,,,,,,,,,0.0,0.0,0.0,0.0,0,0,0,0
Total time 1 min 53.870 s,,,,,,,,,0.0,0.0,0.0,0.0,0,0,0,0
236 rules mined.,,,,,,,,,0.0,0.0,0.0,0.0,0,0,0,0
